2026-01-21 19:29:55 | INFO | conftest | ========== Initiating Automation Setup ==========
2026-01-21 19:29:55 | INFO | conftest | ========== Initiating Automation Setup ==========
2026-01-21 19:29:55 | INFO | conftest | ========== Initiating Automation Setup ==========
2026-01-21 19:29:55 | INFO | conftest | ========== Initiating Automation Setup ==========
2026-01-21 19:29:55 | INFO | conftest | ========== Initiating Automation Setup ==========
2026-01-21 19:29:55 | INFO | conftest | ========== Initiating Automation Setup ==========
2026-01-21 19:29:56 | INFO | conftest | ========== Initiating Automation Setup ==========
2026-01-21 19:29:56 | INFO | conftest | ========== Initiating Automation Setup ==========
2026-01-21 19:29:56 | INFO | conftest | ========== Initiating Automation Setup ==========
2026-01-21 19:29:56 | INFO | fixtures.browser_fixtures | ========== Browser Session Setup ==========
2026-01-21 19:29:56 | INFO | fixtures.browser_fixtures | Browser type       : chromium
2026-01-21 19:29:56 | INFO | fixtures.browser_fixtures | Headless mode      : False
2026-01-21 19:29:56 | INFO | fixtures.browser_fixtures | SlowMo             : 50
2026-01-21 19:29:56 | INFO | fixtures.browser_fixtures | Channel            : chrome
2026-01-21 19:29:56 | INFO | fixtures.browser_fixtures | Using CDP          : False
2026-01-21 19:29:56 | INFO | fixtures.browser_fixtures | Launching new browser instance...
2026-01-21 19:29:57 | INFO | fixtures.browser_fixtures | New browser launched successfully ✅
2026-01-21 19:29:57 | INFO | fixtures.auth_fixtures | Auth disabled (--use-auth not provided). Running anonymous session.
2026-01-21 19:29:57 | INFO | fixtures.context_fixtures | --- Context setup started [Worker: gw0] ---
2026-01-21 19:29:57 | INFO | fixtures.context_fixtures | Capture HAR    : False
2026-01-21 19:29:57 | INFO | fixtures.context_fixtures | Capture Trace  : False
2026-01-21 19:29:57 | INFO | fixtures.context_fixtures | Capture Video  : False
2026-01-21 19:29:57 | INFO | fixtures.context_fixtures | Auth Enabled   : False
2026-01-21 19:29:57 | INFO | fixtures.context_fixtures | No storage_state — running anonymous session
2026-01-21 19:30:19 | INFO | fixtures.browser_fixtures | Closing browser session...
2026-01-21 19:42:04 | INFO | conftest | ========== Initiating Automation Setup ==========
2026-01-21 19:42:04 | INFO | conftest | ========== Initiating Automation Setup ==========
2026-01-21 19:42:04 | INFO | conftest | ========== Initiating Automation Setup ==========
2026-01-21 19:42:04 | INFO | conftest | ========== Initiating Automation Setup ==========
2026-01-21 19:42:04 | INFO | conftest | ========== Initiating Automation Setup ==========
2026-01-21 19:42:04 | INFO | conftest | ========== Initiating Automation Setup ==========
2026-01-21 19:42:04 | INFO | conftest | ========== Initiating Automation Setup ==========
2026-01-21 19:42:04 | INFO | conftest | ========== Initiating Automation Setup ==========
2026-01-21 19:42:05 | INFO | conftest | ========== Initiating Automation Setup ==========
2026-01-21 19:42:05 | INFO | fixtures.browser_fixtures | ========== Browser Session Setup ==========
2026-01-21 19:42:05 | INFO | fixtures.browser_fixtures | Browser type       : chromium
2026-01-21 19:42:05 | INFO | fixtures.browser_fixtures | Headless mode      : False
2026-01-21 19:42:05 | INFO | fixtures.browser_fixtures | SlowMo             : 50
2026-01-21 19:42:05 | INFO | fixtures.browser_fixtures | Channel            : chrome
2026-01-21 19:42:05 | INFO | fixtures.browser_fixtures | Using CDP          : False
2026-01-21 19:42:05 | INFO | fixtures.browser_fixtures | Launching new browser instance...
2026-01-21 19:42:06 | INFO | fixtures.browser_fixtures | New browser launched successfully ✅
2026-01-21 19:42:06 | INFO | fixtures.auth_fixtures | Auth disabled (--use-auth not provided). Running anonymous session.
2026-01-21 19:42:06 | INFO | fixtures.context_fixtures | --- Context setup started [Worker: gw0] ---
2026-01-21 19:42:06 | INFO | fixtures.context_fixtures | Capture HAR    : False
2026-01-21 19:42:06 | INFO | fixtures.context_fixtures | Capture Trace  : False
2026-01-21 19:42:06 | INFO | fixtures.context_fixtures | Capture Video  : False
2026-01-21 19:42:06 | INFO | fixtures.context_fixtures | Auth Enabled   : False
2026-01-21 19:42:06 | INFO | fixtures.context_fixtures | No storage_state — running anonymous session
2026-01-21 19:46:06 | INFO | fixtures.browser_fixtures | Closing browser session...
2026-01-21 19:46:08 | INFO | conftest | ========== Initiating Automation Setup ==========
2026-01-21 19:46:08 | INFO | fixtures.browser_fixtures | ========== Browser Session Setup ==========
2026-01-21 19:46:08 | INFO | fixtures.browser_fixtures | Browser type       : chromium
2026-01-21 19:46:08 | INFO | fixtures.browser_fixtures | Headless mode      : False
2026-01-21 19:46:08 | INFO | fixtures.browser_fixtures | SlowMo             : 50
2026-01-21 19:46:08 | INFO | fixtures.browser_fixtures | Channel            : chrome
2026-01-21 19:46:08 | INFO | fixtures.browser_fixtures | Using CDP          : False
2026-01-21 19:46:08 | INFO | fixtures.browser_fixtures | Launching new browser instance...
2026-01-21 19:46:09 | INFO | fixtures.browser_fixtures | New browser launched successfully ✅
2026-01-21 19:46:09 | INFO | fixtures.auth_fixtures | Auth disabled (--use-auth not provided). Running anonymous session.
2026-01-21 19:46:09 | INFO | fixtures.context_fixtures | --- Context setup started [Worker: main] ---
2026-01-21 19:46:09 | INFO | fixtures.context_fixtures | Capture HAR    : False
2026-01-21 19:46:09 | INFO | fixtures.context_fixtures | Capture Trace  : False
2026-01-21 19:46:09 | INFO | fixtures.context_fixtures | Capture Video  : False
2026-01-21 19:46:09 | INFO | fixtures.context_fixtures | Auth Enabled   : False
2026-01-21 19:46:09 | INFO | fixtures.context_fixtures | No storage_state — running anonymous session
2026-01-21 19:50:12 | INFO | fixtures.browser_fixtures | Closing browser session...
2026-01-21 19:57:29 | INFO | conftest | ========== Initiating Automation Setup ==========
2026-01-21 19:57:29 | INFO | fixtures.browser_fixtures | ========== Browser Session Setup ==========
2026-01-21 19:57:29 | INFO | fixtures.browser_fixtures | Browser type       : chromium
2026-01-21 19:57:29 | INFO | fixtures.browser_fixtures | Headless mode      : False
2026-01-21 19:57:29 | INFO | fixtures.browser_fixtures | SlowMo             : 50
2026-01-21 19:57:29 | INFO | fixtures.browser_fixtures | Channel            : chrome
2026-01-21 19:57:29 | INFO | fixtures.browser_fixtures | Using CDP          : False
2026-01-21 19:57:30 | INFO | fixtures.browser_fixtures | Launching new browser instance...
2026-01-21 19:57:30 | INFO | fixtures.browser_fixtures | New browser launched successfully ✅
2026-01-21 19:57:30 | INFO | fixtures.auth_fixtures | Auth disabled (--use-auth not provided). Running anonymous session.
2026-01-21 19:57:30 | INFO | fixtures.context_fixtures | --- Context setup started [Worker: main] ---
2026-01-21 19:57:30 | INFO | fixtures.context_fixtures | Capture HAR    : False
2026-01-21 19:57:30 | INFO | fixtures.context_fixtures | Capture Trace  : False
2026-01-21 19:57:30 | INFO | fixtures.context_fixtures | Capture Video  : False
2026-01-21 19:57:30 | INFO | fixtures.context_fixtures | Auth Enabled   : False
2026-01-21 19:57:30 | INFO | fixtures.context_fixtures | No storage_state — running anonymous session
2026-01-21 19:57:57 | INFO | fixtures.browser_fixtures | Closing browser session...
2026-01-21 20:04:24 | INFO | conftest | ========== Initiating Automation Setup ==========
2026-01-21 20:04:25 | INFO | fixtures.auth_fixtures | Auth disabled (--use-auth not provided). Running anonymous session.
2026-01-21 20:04:25 | INFO | fixtures.browser_fixtures | ========== Browser Session Setup ==========
2026-01-21 20:04:25 | INFO | fixtures.browser_fixtures | Browser type       : chromium
2026-01-21 20:04:25 | INFO | fixtures.browser_fixtures | Headless mode      : False
2026-01-21 20:04:25 | INFO | fixtures.browser_fixtures | SlowMo             : 50
2026-01-21 20:04:25 | INFO | fixtures.browser_fixtures | Channel            : chrome
2026-01-21 20:04:25 | INFO | fixtures.browser_fixtures | Using CDP          : False
2026-01-21 20:04:25 | INFO | fixtures.browser_fixtures | Launching new browser instance...
2026-01-21 20:04:26 | INFO | fixtures.browser_fixtures | New browser launched successfully ✅
2026-01-21 20:04:26 | INFO | fixtures.context_fixtures | --- Context setup started [Worker: main] ---
2026-01-21 20:04:26 | INFO | fixtures.context_fixtures | Capture HAR    : False
2026-01-21 20:04:26 | INFO | fixtures.context_fixtures | Capture Trace  : False
2026-01-21 20:04:26 | INFO | fixtures.context_fixtures | Capture Video  : False
2026-01-21 20:04:26 | INFO | fixtures.context_fixtures | Auth Enabled   : False
2026-01-21 20:04:26 | INFO | fixtures.context_fixtures | No storage_state — running anonymous session
2026-01-21 20:04:26 | INFO | fixtures.context_fixtures | Browser context created successfully
2026-01-21 20:04:26 | INFO | fixtures.context_fixtures | Cookie consent injected
2026-01-21 20:04:26 | INFO | fixtures.page_fixtures | Creating new page...
2026-01-21 20:04:27 | INFO | fixtures.page_fixtures | New page created successfully
2026-01-21 20:04:27 | INFO | fixtures.page_fixtures | Navigating to base URL: https://www.mercari.com/
2026-01-21 20:04:46 | INFO | test_mercari_home | Launching Home page
2026-01-21 20:04:46 | INFO | HomePage | Wait for Visible → #truste-consent-buttons
2026-01-21 20:04:46 | INFO | HomePage | Click → #truste-consent-button
2026-01-21 20:04:47 | INFO | HomePage | Hover → h6[data-testid='CategoryNavL0Item']:has-text('Electronics')
2026-01-21 20:04:57 | INFO | HomePage | Click → role=link[name=/Electronics/]
2026-01-21 20:05:07 | INFO | fixtures.page_fixtures | Test PASSED: test_verify_home_page
2026-01-21 20:05:07 | INFO | fixtures.page_fixtures | Page closed successfully
2026-01-21 20:05:07 | INFO | fixtures.context_fixtures | Browser context closed [Worker: main]
2026-01-21 20:05:07 | INFO | fixtures.context_fixtures | --- Context teardown completed [Worker: main] ---
2026-01-21 20:05:07 | INFO | fixtures.browser_fixtures | Closing browser session...
2026-01-21 20:05:07 | INFO | fixtures.browser_fixtures | Browser closed successfully 🧹
2026-01-21 20:05:07 | INFO | fixtures.browser_fixtures | ========== Browser Session Finished ==========
2026-01-22 12:04:45 | INFO | conftest | ========== Initiating Automation Setup ==========
2026-01-22 12:04:45 | INFO | fixtures.auth_fixtures | Auth disabled (--use-auth not provided). Running anonymous session.
2026-01-22 12:04:45 | INFO | fixtures.browser_fixtures | ========== Browser Session Setup ==========
2026-01-22 12:04:45 | INFO | fixtures.browser_fixtures | Browser type       : chromium
2026-01-22 12:04:45 | INFO | fixtures.browser_fixtures | Headless mode      : False
2026-01-22 12:04:45 | INFO | fixtures.browser_fixtures | SlowMo             : 50
2026-01-22 12:04:45 | INFO | fixtures.browser_fixtures | Channel            : chrome
2026-01-22 12:04:45 | INFO | fixtures.browser_fixtures | Using CDP          : False
2026-01-22 12:04:45 | INFO | fixtures.browser_fixtures | Launching new browser instance...
2026-01-22 12:04:52 | INFO | fixtures.browser_fixtures | New browser launched successfully ✅
2026-01-22 12:04:52 | INFO | fixtures.context_fixtures | --- Context setup started [Worker: main] ---
2026-01-22 12:04:52 | INFO | fixtures.context_fixtures | Capture HAR    : False
2026-01-22 12:04:52 | INFO | fixtures.context_fixtures | Capture Trace  : False
2026-01-22 12:04:52 | INFO | fixtures.context_fixtures | Capture Video  : False
2026-01-22 12:04:52 | INFO | fixtures.context_fixtures | Auth Enabled   : False
2026-01-22 12:04:52 | INFO | fixtures.context_fixtures | No storage_state — running anonymous session
2026-01-22 12:04:52 | INFO | fixtures.context_fixtures | Browser context created successfully
2026-01-22 12:04:52 | INFO | fixtures.context_fixtures | Cookie consent injected
2026-01-22 12:04:52 | INFO | fixtures.page_fixtures | Creating new page...
2026-01-22 12:04:53 | INFO | fixtures.page_fixtures | New page created successfully
2026-01-22 12:04:53 | INFO | fixtures.page_fixtures | Navigating to base URL: https://pharmeasy.in/online-medicine-order?src=header
2026-01-22 12:04:54 | ERROR | fixtures.page_fixtures | Test FAILED: test_verify_home_page
2026-01-22 12:04:54 | INFO | fixtures.page_fixtures | Capturing screenshot for failed test...
2026-01-22 12:05:03 | INFO | fixtures.page_fixtures | Failure screenshot attached to Allure report
2026-01-22 12:05:03 | INFO | fixtures.page_fixtures | Page closed successfully
2026-01-22 12:05:03 | INFO | fixtures.context_fixtures | Browser context closed [Worker: main]
2026-01-22 12:05:03 | INFO | fixtures.context_fixtures | --- Context teardown completed [Worker: main] ---
2026-01-22 12:05:03 | INFO | fixtures.browser_fixtures | Closing browser session...
2026-01-22 12:05:03 | INFO | fixtures.browser_fixtures | Browser closed successfully 🧹
2026-01-22 12:05:03 | INFO | fixtures.browser_fixtures | ========== Browser Session Finished ==========
2026-01-22 12:06:29 | INFO | conftest | ========== Initiating Automation Setup ==========
2026-01-22 12:06:29 | INFO | fixtures.auth_fixtures | Auth disabled (--use-auth not provided). Running anonymous session.
2026-01-22 12:06:29 | INFO | fixtures.browser_fixtures | ========== Browser Session Setup ==========
2026-01-22 12:06:29 | INFO | fixtures.browser_fixtures | Browser type       : chromium
2026-01-22 12:06:29 | INFO | fixtures.browser_fixtures | Headless mode      : False
2026-01-22 12:06:29 | INFO | fixtures.browser_fixtures | SlowMo             : 50
2026-01-22 12:06:29 | INFO | fixtures.browser_fixtures | Channel            : chrome
2026-01-22 12:06:29 | INFO | fixtures.browser_fixtures | Using CDP          : False
2026-01-22 12:06:29 | INFO | fixtures.browser_fixtures | Launching new browser instance...
2026-01-22 12:06:29 | INFO | fixtures.browser_fixtures | New browser launched successfully ✅
2026-01-22 12:06:30 | INFO | fixtures.context_fixtures | --- Context setup started [Worker: main] ---
2026-01-22 12:06:30 | INFO | fixtures.context_fixtures | Capture HAR    : False
2026-01-22 12:06:30 | INFO | fixtures.context_fixtures | Capture Trace  : False
2026-01-22 12:06:30 | INFO | fixtures.context_fixtures | Capture Video  : False
2026-01-22 12:06:30 | INFO | fixtures.context_fixtures | Auth Enabled   : False
2026-01-22 12:06:30 | INFO | fixtures.context_fixtures | No storage_state — running anonymous session
2026-01-22 12:06:30 | INFO | fixtures.context_fixtures | Browser context created successfully
2026-01-22 12:06:30 | INFO | fixtures.context_fixtures | Cookie consent injected
2026-01-22 12:06:30 | INFO | fixtures.page_fixtures | Creating new page...
2026-01-22 12:06:31 | INFO | fixtures.page_fixtures | New page created successfully
2026-01-22 12:06:31 | INFO | fixtures.page_fixtures | Navigating to base URL: https://pharmeasy.in/online-medicine-order?src=header
2026-01-22 12:06:38 | INFO | HomePage | [ButtonFetcher] Fetching buttons using mode: all
2026-01-22 12:06:38 | INFO | HomePage | [ButtonFetcher] Found 16 total clickable buttons
2026-01-22 12:06:38 | INFO | test_home | Count of buttons: 16
2026-01-22 12:06:38 | INFO | test_home | Button 0: 
2026-01-22 12:06:38 | INFO | test_home | Button 1: 
2026-01-22 12:06:38 | INFO | test_home | Button 2: Search for Medicines...
Search
2026-01-22 12:06:38 | INFO | test_home | Button 3: Install App 
2026-01-22 12:06:38 | INFO | test_home | Button 4: CODE: CURE25P
2026-01-22 12:06:38 | INFO | test_home | Button 5: 
2026-01-22 12:06:38 | INFO | test_home | Button 6: ✅ Is buying medicines online safe?
2026-01-22 12:06:38 | INFO | test_home | Button 7: ✅ Why choose us for your medicine home delivery?
2026-01-22 12:06:38 | INFO | test_home | Button 8: ✅ How do I order medicines from PharmEasy?
2026-01-22 12:06:38 | INFO | test_home | Button 9: ✅ When will PharmEasy deliver my medicines?
2026-01-22 12:06:38 | INFO | test_home | Button 10: ✅ Do I get discounts/cashback while ordering medicines online with PharmEasy?
2026-01-22 12:06:38 | INFO | test_home | Button 11: ✅ If a medicine that I want to order is currently unavailable then what should I do?
2026-01-22 12:06:38 | INFO | test_home | Button 12: ✅ When will I receive my order?
2026-01-22 12:06:38 | INFO | test_home | Button 13: ✅ What is the shelf life of medicines being provided?
2026-01-22 12:06:38 | INFO | test_home | Button 14: ✅ How can I modify my order?
2026-01-22 12:06:38 | INFO | test_home | Button 15: ✅ How do I cancel my order?
2026-01-22 12:06:38 | INFO | fixtures.page_fixtures | Test PASSED: test_verify_home_page
2026-01-22 12:06:38 | INFO | fixtures.page_fixtures | Page closed successfully
2026-01-22 12:06:38 | INFO | fixtures.context_fixtures | Browser context closed [Worker: main]
2026-01-22 12:06:38 | INFO | fixtures.context_fixtures | --- Context teardown completed [Worker: main] ---
2026-01-22 12:06:38 | INFO | fixtures.browser_fixtures | Closing browser session...
2026-01-22 12:06:38 | INFO | fixtures.browser_fixtures | Browser closed successfully 🧹
2026-01-22 12:06:38 | INFO | fixtures.browser_fixtures | ========== Browser Session Finished ==========
2026-01-22 12:14:23 | INFO | conftest | ========== Initiating Automation Setup ==========
2026-01-22 12:14:23 | INFO | fixtures.auth_fixtures | Auth disabled (--use-auth not provided). Running anonymous session.
2026-01-22 12:14:23 | INFO | fixtures.browser_fixtures | ========== Browser Session Setup ==========
2026-01-22 12:14:23 | INFO | fixtures.browser_fixtures | Browser type       : chromium
2026-01-22 12:14:23 | INFO | fixtures.browser_fixtures | Headless mode      : False
2026-01-22 12:14:23 | INFO | fixtures.browser_fixtures | SlowMo             : 50
2026-01-22 12:14:23 | INFO | fixtures.browser_fixtures | Channel            : chrome
2026-01-22 12:14:23 | INFO | fixtures.browser_fixtures | Using CDP          : False
2026-01-22 12:14:24 | INFO | fixtures.browser_fixtures | Launching new browser instance...
2026-01-22 12:14:24 | INFO | fixtures.browser_fixtures | New browser launched successfully ✅
2026-01-22 12:14:24 | INFO | fixtures.context_fixtures | --- Context setup started [Worker: main] ---
2026-01-22 12:14:24 | INFO | fixtures.context_fixtures | Capture HAR    : False
2026-01-22 12:14:24 | INFO | fixtures.context_fixtures | Capture Trace  : False
2026-01-22 12:14:24 | INFO | fixtures.context_fixtures | Capture Video  : False
2026-01-22 12:14:24 | INFO | fixtures.context_fixtures | Auth Enabled   : False
2026-01-22 12:14:24 | INFO | fixtures.context_fixtures | No storage_state — running anonymous session
2026-01-22 12:14:24 | INFO | fixtures.context_fixtures | Browser context created successfully
2026-01-22 12:14:24 | INFO | fixtures.context_fixtures | Cookie consent injected
2026-01-22 12:14:24 | INFO | fixtures.page_fixtures | Creating new page...
2026-01-22 12:14:26 | INFO | fixtures.page_fixtures | New page created successfully
2026-01-22 12:14:26 | INFO | fixtures.page_fixtures | Navigating to base URL: https://pharmeasy.in/online-medicine-order?src=header
2026-01-22 12:14:34 | INFO | HomePage | [ButtonFetcher] Fetching buttons using mode: all
2026-01-22 12:14:34 | INFO | HomePage | [ButtonFetcher] Found 16 total clickable buttons
2026-01-22 12:14:34 | INFO | test_home | Count of Inputs: 16
2026-01-22 12:14:34 | INFO | test_home | Input 0: 
2026-01-22 12:14:34 | INFO | test_home | Input 1: 
2026-01-22 12:14:34 | INFO | test_home | Input 2: Search for Medicines...
Search
2026-01-22 12:14:34 | INFO | test_home | Input 3: Install App 
2026-01-22 12:14:34 | INFO | test_home | Input 4: CODE: CURE25P
2026-01-22 12:14:34 | INFO | test_home | Input 5: 
2026-01-22 12:14:34 | INFO | test_home | Input 6: ✅ Is buying medicines online safe?
2026-01-22 12:14:34 | INFO | test_home | Input 7: ✅ Why choose us for your medicine home delivery?
2026-01-22 12:14:34 | INFO | test_home | Input 8: ✅ How do I order medicines from PharmEasy?
2026-01-22 12:14:34 | INFO | test_home | Input 9: ✅ When will PharmEasy deliver my medicines?
2026-01-22 12:14:34 | INFO | test_home | Input 10: ✅ Do I get discounts/cashback while ordering medicines online with PharmEasy?
2026-01-22 12:14:34 | INFO | test_home | Input 11: ✅ If a medicine that I want to order is currently unavailable then what should I do?
2026-01-22 12:14:34 | INFO | test_home | Input 12: ✅ When will I receive my order?
2026-01-22 12:14:34 | INFO | test_home | Input 13: ✅ What is the shelf life of medicines being provided?
2026-01-22 12:14:34 | INFO | test_home | Input 14: ✅ How can I modify my order?
2026-01-22 12:14:34 | INFO | test_home | Input 15: ✅ How do I cancel my order?
2026-01-22 12:14:34 | INFO | fixtures.page_fixtures | Test PASSED: test_verify_home_page
2026-01-22 12:14:34 | INFO | fixtures.page_fixtures | Page closed successfully
2026-01-22 12:14:34 | INFO | fixtures.context_fixtures | Browser context closed [Worker: main]
2026-01-22 12:14:34 | INFO | fixtures.context_fixtures | --- Context teardown completed [Worker: main] ---
2026-01-22 12:14:34 | INFO | fixtures.browser_fixtures | Closing browser session...
2026-01-22 12:14:34 | INFO | fixtures.browser_fixtures | Browser closed successfully 🧹
2026-01-22 12:14:34 | INFO | fixtures.browser_fixtures | ========== Browser Session Finished ==========
2026-01-22 12:16:58 | INFO | conftest | ========== Initiating Automation Setup ==========
2026-01-22 12:16:58 | INFO | fixtures.auth_fixtures | Auth disabled (--use-auth not provided). Running anonymous session.
2026-01-22 12:16:58 | INFO | fixtures.browser_fixtures | ========== Browser Session Setup ==========
2026-01-22 12:16:58 | INFO | fixtures.browser_fixtures | Browser type       : chromium
2026-01-22 12:16:58 | INFO | fixtures.browser_fixtures | Headless mode      : False
2026-01-22 12:16:58 | INFO | fixtures.browser_fixtures | SlowMo             : 50
2026-01-22 12:16:58 | INFO | fixtures.browser_fixtures | Channel            : chrome
2026-01-22 12:16:58 | INFO | fixtures.browser_fixtures | Using CDP          : False
2026-01-22 12:16:58 | INFO | fixtures.browser_fixtures | Launching new browser instance...
2026-01-22 12:16:59 | INFO | fixtures.browser_fixtures | New browser launched successfully ✅
2026-01-22 12:16:59 | INFO | fixtures.context_fixtures | --- Context setup started [Worker: main] ---
2026-01-22 12:16:59 | INFO | fixtures.context_fixtures | Capture HAR    : False
2026-01-22 12:16:59 | INFO | fixtures.context_fixtures | Capture Trace  : False
2026-01-22 12:16:59 | INFO | fixtures.context_fixtures | Capture Video  : False
2026-01-22 12:16:59 | INFO | fixtures.context_fixtures | Auth Enabled   : False
2026-01-22 12:16:59 | INFO | fixtures.context_fixtures | No storage_state — running anonymous session
2026-01-22 12:16:59 | INFO | fixtures.context_fixtures | Browser context created successfully
2026-01-22 12:16:59 | INFO | fixtures.context_fixtures | Cookie consent injected
2026-01-22 12:16:59 | INFO | fixtures.page_fixtures | Creating new page...
2026-01-22 12:17:00 | INFO | fixtures.page_fixtures | New page created successfully
2026-01-22 12:17:00 | INFO | fixtures.page_fixtures | Navigating to base URL: https://pharmeasy.in/online-medicine-order?src=header
2026-01-22 12:17:08 | ERROR | fixtures.page_fixtures | Test FAILED: test_verify_home_page
2026-01-22 12:17:08 | INFO | fixtures.page_fixtures | Capturing screenshot for failed test...
2026-01-22 12:17:10 | INFO | fixtures.page_fixtures | Failure screenshot attached to Allure report
2026-01-22 12:17:10 | INFO | fixtures.page_fixtures | Page closed successfully
2026-01-22 12:17:10 | INFO | fixtures.context_fixtures | Browser context closed [Worker: main]
2026-01-22 12:17:10 | INFO | fixtures.context_fixtures | --- Context teardown completed [Worker: main] ---
2026-01-22 12:17:10 | INFO | fixtures.browser_fixtures | Closing browser session...
2026-01-22 12:17:10 | INFO | fixtures.browser_fixtures | Browser closed successfully 🧹
2026-01-22 12:17:10 | INFO | fixtures.browser_fixtures | ========== Browser Session Finished ==========
2026-01-22 12:17:43 | INFO | conftest | ========== Initiating Automation Setup ==========
2026-01-22 12:17:43 | INFO | fixtures.auth_fixtures | Auth disabled (--use-auth not provided). Running anonymous session.
2026-01-22 12:17:43 | INFO | fixtures.browser_fixtures | ========== Browser Session Setup ==========
2026-01-22 12:17:43 | INFO | fixtures.browser_fixtures | Browser type       : chromium
2026-01-22 12:17:43 | INFO | fixtures.browser_fixtures | Headless mode      : False
2026-01-22 12:17:43 | INFO | fixtures.browser_fixtures | SlowMo             : 50
2026-01-22 12:17:43 | INFO | fixtures.browser_fixtures | Channel            : chrome
2026-01-22 12:17:43 | INFO | fixtures.browser_fixtures | Using CDP          : False
2026-01-22 12:17:43 | INFO | fixtures.browser_fixtures | Launching new browser instance...
2026-01-22 12:17:44 | INFO | fixtures.browser_fixtures | New browser launched successfully ✅
2026-01-22 12:17:44 | INFO | fixtures.context_fixtures | --- Context setup started [Worker: main] ---
2026-01-22 12:17:44 | INFO | fixtures.context_fixtures | Capture HAR    : False
2026-01-22 12:17:44 | INFO | fixtures.context_fixtures | Capture Trace  : False
2026-01-22 12:17:44 | INFO | fixtures.context_fixtures | Capture Video  : False
2026-01-22 12:17:44 | INFO | fixtures.context_fixtures | Auth Enabled   : False
2026-01-22 12:17:44 | INFO | fixtures.context_fixtures | No storage_state — running anonymous session
2026-01-22 12:17:44 | INFO | fixtures.context_fixtures | Browser context created successfully
2026-01-22 12:17:44 | INFO | fixtures.context_fixtures | Cookie consent injected
2026-01-22 12:17:44 | INFO | fixtures.page_fixtures | Creating new page...
2026-01-22 12:17:45 | INFO | fixtures.page_fixtures | New page created successfully
2026-01-22 12:17:45 | INFO | fixtures.page_fixtures | Navigating to base URL: https://pharmeasy.in/online-medicine-order?src=header
2026-01-22 12:17:54 | INFO | HomePage | [InputFetcher] Fetching buttons using mode: tag
2026-01-22 12:17:54 | INFO | HomePage | [InputFetcher] Found 0 <input> tags
2026-01-22 12:17:54 | INFO | test_home | Count of Inputs: 0
2026-01-22 12:17:54 | INFO | fixtures.page_fixtures | Test PASSED: test_verify_home_page
2026-01-22 12:17:54 | INFO | fixtures.page_fixtures | Page closed successfully
2026-01-22 12:17:54 | INFO | fixtures.context_fixtures | Browser context closed [Worker: main]
2026-01-22 12:17:54 | INFO | fixtures.context_fixtures | --- Context teardown completed [Worker: main] ---
2026-01-22 12:17:54 | INFO | fixtures.browser_fixtures | Closing browser session...
2026-01-22 12:17:54 | INFO | fixtures.browser_fixtures | Browser closed successfully 🧹
2026-01-22 12:17:54 | INFO | fixtures.browser_fixtures | ========== Browser Session Finished ==========
2026-01-22 21:42:26 | INFO | conftest | ========== Initiating Automation Setup ==========
2026-01-22 21:42:26 | INFO | fixtures.auth_fixtures | Auth disabled (--use-auth not provided). Running anonymous session.
2026-01-22 21:42:26 | INFO | fixtures.browser_fixtures | ========== Browser Session Setup ==========
2026-01-22 21:42:26 | INFO | fixtures.browser_fixtures | Browser type       : chromium
2026-01-22 21:42:26 | INFO | fixtures.browser_fixtures | Headless mode      : False
2026-01-22 21:42:26 | INFO | fixtures.browser_fixtures | SlowMo             : 50
2026-01-22 21:42:26 | INFO | fixtures.browser_fixtures | Channel            : chrome
2026-01-22 21:42:26 | INFO | fixtures.browser_fixtures | Using CDP          : False
2026-01-22 21:42:27 | INFO | fixtures.browser_fixtures | Launching new browser instance...
2026-01-22 21:42:27 | INFO | fixtures.browser_fixtures | New browser launched successfully ✅
2026-01-22 21:42:27 | INFO | fixtures.context_fixtures | --- Context setup started [Worker: main] ---
2026-01-22 21:42:27 | INFO | fixtures.context_fixtures | Capture HAR    : False
2026-01-22 21:42:27 | INFO | fixtures.context_fixtures | Capture Trace  : False
2026-01-22 21:42:27 | INFO | fixtures.context_fixtures | Capture Video  : False
2026-01-22 21:42:27 | INFO | fixtures.context_fixtures | Auth Enabled   : False
2026-01-22 21:42:27 | INFO | fixtures.context_fixtures | No storage_state — running anonymous session
2026-01-22 21:42:27 | INFO | fixtures.context_fixtures | Browser context created successfully
2026-01-22 21:42:27 | INFO | fixtures.context_fixtures | Cookie consent injected
2026-01-22 21:42:27 | INFO | fixtures.page_fixtures | Creating new page...
2026-01-22 21:42:29 | INFO | fixtures.page_fixtures | New page created successfully
2026-01-22 21:42:29 | INFO | fixtures.page_fixtures | Navigating to base URL: https://pharmeasy.in/online-medicine-order?src=header
2026-01-22 21:42:33 | INFO | HomePage | Hover → role=link, name=Meicine
2026-01-22 21:42:38 | INFO | HomePage | Retry 1/3 failed for: hover link 'Meicine'
2026-01-22 21:42:44 | INFO | HomePage | Retry 2/3 failed for: hover link 'Meicine'
2026-01-22 21:42:50 | INFO | HomePage | Retry 3/3 failed for: hover link 'Meicine'
2026-01-22 21:42:50 | ERROR | fixtures.page_fixtures | Test FAILED: test_verify_home_page
2026-01-22 21:42:50 | INFO | fixtures.page_fixtures | Capturing screenshot for failed test...
2026-01-22 21:42:52 | INFO | fixtures.page_fixtures | Failure screenshot attached to Allure report
2026-01-22 21:42:52 | INFO | fixtures.page_fixtures | Page closed successfully
2026-01-22 21:42:52 | INFO | fixtures.context_fixtures | Browser context closed [Worker: main]
2026-01-22 21:42:52 | INFO | fixtures.context_fixtures | --- Context teardown completed [Worker: main] ---
2026-01-22 21:42:52 | INFO | fixtures.browser_fixtures | Closing browser session...
2026-01-22 21:43:12 | INFO | fixtures.browser_fixtures | Browser closed successfully 🧹
2026-01-22 21:43:12 | INFO | fixtures.browser_fixtures | ========== Browser Session Finished ==========
2026-01-22 21:43:35 | INFO | conftest | ========== Initiating Automation Setup ==========
2026-01-22 21:43:35 | INFO | fixtures.auth_fixtures | Auth disabled (--use-auth not provided). Running anonymous session.
2026-01-22 21:43:35 | INFO | fixtures.browser_fixtures | ========== Browser Session Setup ==========
2026-01-22 21:43:35 | INFO | fixtures.browser_fixtures | Browser type       : chromium
2026-01-22 21:43:35 | INFO | fixtures.browser_fixtures | Headless mode      : False
2026-01-22 21:43:35 | INFO | fixtures.browser_fixtures | SlowMo             : 50
2026-01-22 21:43:35 | INFO | fixtures.browser_fixtures | Channel            : chrome
2026-01-22 21:43:35 | INFO | fixtures.browser_fixtures | Using CDP          : False
2026-01-22 21:43:35 | INFO | fixtures.browser_fixtures | Launching new browser instance...
2026-01-22 21:43:35 | INFO | fixtures.browser_fixtures | New browser launched successfully ✅
2026-01-22 21:43:35 | INFO | fixtures.context_fixtures | --- Context setup started [Worker: main] ---
2026-01-22 21:43:35 | INFO | fixtures.context_fixtures | Capture HAR    : False
2026-01-22 21:43:35 | INFO | fixtures.context_fixtures | Capture Trace  : False
2026-01-22 21:43:35 | INFO | fixtures.context_fixtures | Capture Video  : False
2026-01-22 21:43:35 | INFO | fixtures.context_fixtures | Auth Enabled   : False
2026-01-22 21:43:35 | INFO | fixtures.context_fixtures | No storage_state — running anonymous session
2026-01-22 21:43:36 | INFO | fixtures.context_fixtures | Browser context created successfully
2026-01-22 21:43:36 | INFO | fixtures.context_fixtures | Cookie consent injected
2026-01-22 21:43:36 | INFO | fixtures.page_fixtures | Creating new page...
2026-01-22 21:43:37 | INFO | fixtures.page_fixtures | New page created successfully
2026-01-22 21:43:37 | INFO | fixtures.page_fixtures | Navigating to base URL: https://pharmeasy.in/online-medicine-order?src=header
2026-01-22 21:43:45 | INFO | HomePage | Hover → role=link, name=Medicine
2026-01-22 21:43:48 | INFO | fixtures.page_fixtures | Test PASSED: test_verify_home_page
2026-01-22 21:43:48 | INFO | fixtures.page_fixtures | Page closed successfully
2026-01-22 21:43:48 | INFO | fixtures.context_fixtures | Browser context closed [Worker: main]
2026-01-22 21:43:48 | INFO | fixtures.context_fixtures | --- Context teardown completed [Worker: main] ---
2026-01-22 21:43:48 | INFO | fixtures.browser_fixtures | Closing browser session...
2026-01-22 21:43:48 | INFO | fixtures.browser_fixtures | Browser closed successfully 🧹
2026-01-22 21:43:48 | INFO | fixtures.browser_fixtures | ========== Browser Session Finished ==========
2026-01-22 21:55:54 | INFO | conftest | ========== Initiating Automation Setup ==========
2026-01-22 21:55:54 | INFO | fixtures.auth_fixtures | Auth disabled (--use-auth not provided). Running anonymous session.
2026-01-22 21:55:54 | INFO | fixtures.browser_fixtures | ========== Browser Session Setup ==========
2026-01-22 21:55:54 | INFO | fixtures.browser_fixtures | Browser type       : chromium
2026-01-22 21:55:54 | INFO | fixtures.browser_fixtures | Headless mode      : False
2026-01-22 21:55:54 | INFO | fixtures.browser_fixtures | SlowMo             : 50
2026-01-22 21:55:54 | INFO | fixtures.browser_fixtures | Channel            : chrome
2026-01-22 21:55:54 | INFO | fixtures.browser_fixtures | Using CDP          : False
2026-01-22 21:55:54 | INFO | fixtures.browser_fixtures | Launching new browser instance...
2026-01-22 21:55:55 | INFO | fixtures.browser_fixtures | New browser launched successfully ✅
2026-01-22 21:55:55 | INFO | fixtures.context_fixtures | --- Context setup started [Worker: main] ---
2026-01-22 21:55:55 | INFO | fixtures.context_fixtures | Capture HAR    : False
2026-01-22 21:55:55 | INFO | fixtures.context_fixtures | Capture Trace  : False
2026-01-22 21:55:55 | INFO | fixtures.context_fixtures | Capture Video  : False
2026-01-22 21:55:55 | INFO | fixtures.context_fixtures | Auth Enabled   : False
2026-01-22 21:55:55 | INFO | fixtures.context_fixtures | No storage_state — running anonymous session
2026-01-22 21:55:55 | INFO | fixtures.context_fixtures | Browser context created successfully
2026-01-22 21:55:55 | INFO | fixtures.context_fixtures | Cookie consent injected
2026-01-22 21:55:55 | INFO | fixtures.page_fixtures | Creating new page...
2026-01-22 21:55:56 | INFO | fixtures.page_fixtures | New page created successfully
2026-01-22 21:55:56 | INFO | fixtures.page_fixtures | Navigating to base URL: https://pharmeasy.in/online-medicine-order?src=header
2026-01-22 21:56:03 | INFO | HomePage | Hover → role=link, name=Medicine
2026-01-22 21:56:04 | INFO | HomePage | Click → role=link[name="Medicine"]
2026-01-22 21:56:34 | ERROR | fixtures.page_fixtures | Test FAILED: test_verify_home_page
2026-01-22 21:56:34 | INFO | fixtures.page_fixtures | Capturing screenshot for failed test...
2026-01-22 21:56:35 | INFO | fixtures.page_fixtures | Failure screenshot attached to Allure report
2026-01-22 21:56:35 | INFO | fixtures.page_fixtures | Page closed successfully
2026-01-22 21:56:36 | INFO | fixtures.context_fixtures | Browser context closed [Worker: main]
2026-01-22 21:56:36 | INFO | fixtures.context_fixtures | --- Context teardown completed [Worker: main] ---
2026-01-22 21:56:36 | INFO | fixtures.browser_fixtures | Closing browser session...
2026-01-22 21:56:40 | INFO | fixtures.browser_fixtures | Browser closed successfully 🧹
2026-01-22 21:56:40 | INFO | fixtures.browser_fixtures | ========== Browser Session Finished ==========
2026-01-22 22:00:12 | INFO | conftest | ========== Initiating Automation Setup ==========
2026-01-22 22:00:12 | INFO | fixtures.auth_fixtures | Auth disabled (--use-auth not provided). Running anonymous session.
2026-01-22 22:00:12 | INFO | fixtures.browser_fixtures | ========== Browser Session Setup ==========
2026-01-22 22:00:12 | INFO | fixtures.browser_fixtures | Browser type       : chromium
2026-01-22 22:00:12 | INFO | fixtures.browser_fixtures | Headless mode      : False
2026-01-22 22:00:12 | INFO | fixtures.browser_fixtures | SlowMo             : 50
2026-01-22 22:00:12 | INFO | fixtures.browser_fixtures | Channel            : chrome
2026-01-22 22:00:12 | INFO | fixtures.browser_fixtures | Using CDP          : False
2026-01-22 22:00:13 | INFO | fixtures.browser_fixtures | Launching new browser instance...
2026-01-22 22:00:13 | INFO | fixtures.browser_fixtures | New browser launched successfully ✅
2026-01-22 22:00:13 | INFO | fixtures.context_fixtures | --- Context setup started [Worker: main] ---
2026-01-22 22:00:13 | INFO | fixtures.context_fixtures | Capture HAR    : False
2026-01-22 22:00:13 | INFO | fixtures.context_fixtures | Capture Trace  : False
2026-01-22 22:00:13 | INFO | fixtures.context_fixtures | Capture Video  : False
2026-01-22 22:00:13 | INFO | fixtures.context_fixtures | Auth Enabled   : False
2026-01-22 22:00:13 | INFO | fixtures.context_fixtures | No storage_state — running anonymous session
2026-01-22 22:00:13 | INFO | fixtures.context_fixtures | Browser context created successfully
2026-01-22 22:00:13 | INFO | fixtures.context_fixtures | Cookie consent injected
2026-01-22 22:00:13 | INFO | fixtures.page_fixtures | Creating new page...
2026-01-22 22:00:15 | INFO | fixtures.page_fixtures | New page created successfully
2026-01-22 22:00:15 | INFO | fixtures.page_fixtures | Navigating to base URL: https://pharmeasy.in/online-medicine-order?src=header
2026-01-22 22:00:15 | INFO | HomePage | Hover → role=link, name=Medicine
2026-01-22 22:00:22 | ERROR | fixtures.page_fixtures | Test FAILED: test_verify_home_page
2026-01-22 22:00:22 | INFO | fixtures.page_fixtures | Capturing screenshot for failed test...
2026-01-22 22:00:24 | INFO | fixtures.page_fixtures | Failure screenshot attached to Allure report
2026-01-22 22:00:24 | INFO | fixtures.page_fixtures | Page closed successfully
2026-01-22 22:00:24 | INFO | fixtures.context_fixtures | Browser context closed [Worker: main]
2026-01-22 22:00:24 | INFO | fixtures.context_fixtures | --- Context teardown completed [Worker: main] ---
2026-01-22 22:00:24 | INFO | fixtures.browser_fixtures | Closing browser session...
2026-01-22 22:00:24 | INFO | fixtures.browser_fixtures | Browser closed successfully 🧹
2026-01-22 22:00:24 | INFO | fixtures.browser_fixtures | ========== Browser Session Finished ==========
2026-01-22 22:00:57 | INFO | conftest | ========== Initiating Automation Setup ==========
2026-01-22 22:00:57 | INFO | fixtures.auth_fixtures | Auth disabled (--use-auth not provided). Running anonymous session.
2026-01-22 22:00:57 | INFO | fixtures.browser_fixtures | ========== Browser Session Setup ==========
2026-01-22 22:00:57 | INFO | fixtures.browser_fixtures | Browser type       : chromium
2026-01-22 22:00:57 | INFO | fixtures.browser_fixtures | Headless mode      : False
2026-01-22 22:00:57 | INFO | fixtures.browser_fixtures | SlowMo             : 50
2026-01-22 22:00:57 | INFO | fixtures.browser_fixtures | Channel            : chrome
2026-01-22 22:00:57 | INFO | fixtures.browser_fixtures | Using CDP          : False
2026-01-22 22:00:57 | INFO | fixtures.browser_fixtures | Launching new browser instance...
2026-01-22 22:00:58 | INFO | fixtures.browser_fixtures | New browser launched successfully ✅
2026-01-22 22:00:58 | INFO | fixtures.context_fixtures | --- Context setup started [Worker: main] ---
2026-01-22 22:00:58 | INFO | fixtures.context_fixtures | Capture HAR    : False
2026-01-22 22:00:58 | INFO | fixtures.context_fixtures | Capture Trace  : False
2026-01-22 22:00:58 | INFO | fixtures.context_fixtures | Capture Video  : False
2026-01-22 22:00:58 | INFO | fixtures.context_fixtures | Auth Enabled   : False
2026-01-22 22:00:58 | INFO | fixtures.context_fixtures | No storage_state — running anonymous session
2026-01-22 22:00:58 | INFO | fixtures.context_fixtures | Browser context created successfully
2026-01-22 22:00:58 | INFO | fixtures.context_fixtures | Cookie consent injected
2026-01-22 22:00:58 | INFO | fixtures.page_fixtures | Creating new page...
2026-01-22 22:00:59 | INFO | fixtures.page_fixtures | New page created successfully
2026-01-22 22:00:59 | INFO | fixtures.page_fixtures | Navigating to base URL: https://pharmeasy.in/online-medicine-order?src=header
2026-01-22 22:01:06 | INFO | HomePage | Hover → role=link, name=Medicine
2026-01-22 22:01:06 | ERROR | fixtures.page_fixtures | Test FAILED: test_verify_home_page
2026-01-22 22:01:06 | INFO | fixtures.page_fixtures | Capturing screenshot for failed test...
2026-01-22 22:01:09 | INFO | fixtures.page_fixtures | Failure screenshot attached to Allure report
2026-01-22 22:01:09 | INFO | fixtures.page_fixtures | Page closed successfully
2026-01-22 22:01:09 | INFO | fixtures.context_fixtures | Browser context closed [Worker: main]
2026-01-22 22:01:09 | INFO | fixtures.context_fixtures | --- Context teardown completed [Worker: main] ---
2026-01-22 22:01:09 | INFO | fixtures.browser_fixtures | Closing browser session...
2026-01-22 22:01:09 | INFO | fixtures.browser_fixtures | Browser closed successfully 🧹
2026-01-22 22:01:09 | INFO | fixtures.browser_fixtures | ========== Browser Session Finished ==========
2026-01-22 22:02:02 | INFO | conftest | ========== Initiating Automation Setup ==========
2026-01-22 22:02:02 | INFO | fixtures.auth_fixtures | Auth disabled (--use-auth not provided). Running anonymous session.
2026-01-22 22:02:02 | INFO | fixtures.browser_fixtures | ========== Browser Session Setup ==========
2026-01-22 22:02:02 | INFO | fixtures.browser_fixtures | Browser type       : chromium
2026-01-22 22:02:02 | INFO | fixtures.browser_fixtures | Headless mode      : False
2026-01-22 22:02:02 | INFO | fixtures.browser_fixtures | SlowMo             : 50
2026-01-22 22:02:02 | INFO | fixtures.browser_fixtures | Channel            : chrome
2026-01-22 22:02:02 | INFO | fixtures.browser_fixtures | Using CDP          : False
2026-01-22 22:02:02 | INFO | fixtures.browser_fixtures | Launching new browser instance...
2026-01-22 22:02:03 | INFO | fixtures.browser_fixtures | New browser launched successfully ✅
2026-01-22 22:02:03 | INFO | fixtures.context_fixtures | --- Context setup started [Worker: main] ---
2026-01-22 22:02:03 | INFO | fixtures.context_fixtures | Capture HAR    : False
2026-01-22 22:02:03 | INFO | fixtures.context_fixtures | Capture Trace  : False
2026-01-22 22:02:03 | INFO | fixtures.context_fixtures | Capture Video  : False
2026-01-22 22:02:03 | INFO | fixtures.context_fixtures | Auth Enabled   : False
2026-01-22 22:02:03 | INFO | fixtures.context_fixtures | No storage_state — running anonymous session
2026-01-22 22:02:03 | INFO | fixtures.context_fixtures | Browser context created successfully
2026-01-22 22:02:03 | INFO | fixtures.context_fixtures | Cookie consent injected
2026-01-22 22:02:03 | INFO | fixtures.page_fixtures | Creating new page...
2026-01-22 22:02:04 | INFO | fixtures.page_fixtures | New page created successfully
2026-01-22 22:02:04 | INFO | fixtures.page_fixtures | Navigating to base URL: https://pharmeasy.in/online-medicine-order?src=header
2026-01-22 22:02:11 | INFO | HomePage | Hover → role=link, name=Medicine
2026-01-22 22:02:17 | ERROR | fixtures.page_fixtures | Test FAILED: test_verify_home_page
2026-01-22 22:02:17 | INFO | fixtures.page_fixtures | Capturing screenshot for failed test...
2026-01-22 22:02:18 | INFO | fixtures.page_fixtures | Failure screenshot attached to Allure report
2026-01-22 22:02:18 | INFO | fixtures.page_fixtures | Page closed successfully
2026-01-22 22:02:18 | INFO | fixtures.context_fixtures | Browser context closed [Worker: main]
2026-01-22 22:02:18 | INFO | fixtures.context_fixtures | --- Context teardown completed [Worker: main] ---
2026-01-22 22:02:18 | INFO | fixtures.browser_fixtures | Closing browser session...
2026-01-22 22:02:19 | INFO | fixtures.browser_fixtures | Browser closed successfully 🧹
2026-01-22 22:02:19 | INFO | fixtures.browser_fixtures | ========== Browser Session Finished ==========
2026-01-22 22:03:35 | INFO | conftest | ========== Initiating Automation Setup ==========
2026-01-22 22:03:35 | INFO | fixtures.auth_fixtures | Auth disabled (--use-auth not provided). Running anonymous session.
2026-01-22 22:03:35 | INFO | fixtures.browser_fixtures | ========== Browser Session Setup ==========
2026-01-22 22:03:35 | INFO | fixtures.browser_fixtures | Browser type       : chromium
2026-01-22 22:03:35 | INFO | fixtures.browser_fixtures | Headless mode      : False
2026-01-22 22:03:35 | INFO | fixtures.browser_fixtures | SlowMo             : 50
2026-01-22 22:03:35 | INFO | fixtures.browser_fixtures | Channel            : chrome
2026-01-22 22:03:35 | INFO | fixtures.browser_fixtures | Using CDP          : False
2026-01-22 22:03:35 | INFO | fixtures.browser_fixtures | Launching new browser instance...
2026-01-22 22:03:35 | INFO | fixtures.browser_fixtures | New browser launched successfully ✅
2026-01-22 22:03:35 | INFO | fixtures.context_fixtures | --- Context setup started [Worker: main] ---
2026-01-22 22:03:35 | INFO | fixtures.context_fixtures | Capture HAR    : False
2026-01-22 22:03:35 | INFO | fixtures.context_fixtures | Capture Trace  : False
2026-01-22 22:03:35 | INFO | fixtures.context_fixtures | Capture Video  : False
2026-01-22 22:03:35 | INFO | fixtures.context_fixtures | Auth Enabled   : False
2026-01-22 22:03:35 | INFO | fixtures.context_fixtures | No storage_state — running anonymous session
2026-01-22 22:03:35 | INFO | fixtures.context_fixtures | Browser context created successfully
2026-01-22 22:03:35 | INFO | fixtures.context_fixtures | Cookie consent injected
2026-01-22 22:03:35 | INFO | fixtures.page_fixtures | Creating new page...
2026-01-22 22:03:37 | INFO | fixtures.page_fixtures | New page created successfully
2026-01-22 22:03:37 | INFO | fixtures.page_fixtures | Navigating to base URL: https://pharmeasy.in/online-medicine-order?src=header
2026-01-22 22:03:38 | INFO | HomePage | Hover → role=link, name=Medicine
2026-01-22 22:03:43 | INFO | HomePage | Retry 1/3 failed for: hover link 'Medicine'
2026-01-22 22:03:45 | INFO | HomePage | Click → role=link[name="Medicine"]
2026-01-22 22:04:15 | ERROR | fixtures.page_fixtures | Test FAILED: test_verify_home_page
2026-01-22 22:04:15 | INFO | fixtures.page_fixtures | Capturing screenshot for failed test...
2026-01-22 22:04:16 | INFO | fixtures.page_fixtures | Failure screenshot attached to Allure report
2026-01-22 22:04:16 | INFO | fixtures.page_fixtures | Page closed successfully
2026-01-22 22:04:17 | INFO | fixtures.context_fixtures | Browser context closed [Worker: main]
2026-01-22 22:04:17 | INFO | fixtures.context_fixtures | --- Context teardown completed [Worker: main] ---
2026-01-22 22:04:17 | INFO | fixtures.browser_fixtures | Closing browser session...
2026-01-22 22:04:21 | INFO | fixtures.browser_fixtures | Browser closed successfully 🧹
2026-01-22 22:04:21 | INFO | fixtures.browser_fixtures | ========== Browser Session Finished ==========
2026-01-22 22:09:47 | INFO | conftest | ========== Initiating Automation Setup ==========
2026-01-22 22:09:47 | INFO | fixtures.auth_fixtures | Auth disabled (--use-auth not provided). Running anonymous session.
2026-01-22 22:09:47 | INFO | fixtures.browser_fixtures | ========== Browser Session Setup ==========
2026-01-22 22:09:47 | INFO | fixtures.browser_fixtures | Browser type       : chromium
2026-01-22 22:09:47 | INFO | fixtures.browser_fixtures | Headless mode      : False
2026-01-22 22:09:47 | INFO | fixtures.browser_fixtures | SlowMo             : 50
2026-01-22 22:09:47 | INFO | fixtures.browser_fixtures | Channel            : chrome
2026-01-22 22:09:47 | INFO | fixtures.browser_fixtures | Using CDP          : False
2026-01-22 22:09:48 | INFO | fixtures.browser_fixtures | Launching new browser instance...
2026-01-22 22:09:48 | INFO | fixtures.browser_fixtures | New browser launched successfully ✅
2026-01-22 22:09:48 | INFO | fixtures.context_fixtures | --- Context setup started [Worker: main] ---
2026-01-22 22:09:48 | INFO | fixtures.context_fixtures | Capture HAR    : False
2026-01-22 22:09:48 | INFO | fixtures.context_fixtures | Capture Trace  : False
2026-01-22 22:09:48 | INFO | fixtures.context_fixtures | Capture Video  : False
2026-01-22 22:09:48 | INFO | fixtures.context_fixtures | Auth Enabled   : False
2026-01-22 22:09:48 | INFO | fixtures.context_fixtures | No storage_state — running anonymous session
2026-01-22 22:09:48 | INFO | fixtures.context_fixtures | Browser context created successfully
2026-01-22 22:09:48 | INFO | fixtures.context_fixtures | Cookie consent injected
2026-01-22 22:09:48 | INFO | fixtures.page_fixtures | Creating new page...
2026-01-22 22:09:50 | INFO | fixtures.page_fixtures | New page created successfully
2026-01-22 22:09:50 | INFO | fixtures.page_fixtures | Navigating to base URL: https://pharmeasy.in/online-medicine-order?src=header
2026-01-22 22:09:57 | INFO | HomePage | Hover → role=link, name=Medicine
2026-01-22 22:09:58 | INFO | HomePage | Click → role=link[name="Medicine"]
2026-01-22 22:10:28 | INFO | HomePage | No new window detected — continuing in same page
2026-01-22 22:10:28 | INFO | HomePage | New tab URL:https://pharmeasy.in/online-medicine-order?src=header
2026-01-22 22:10:28 | INFO | fixtures.page_fixtures | Test PASSED: test_verify_home_page
2026-01-22 22:10:28 | INFO | fixtures.page_fixtures | Page closed successfully
2026-01-22 22:10:28 | INFO | fixtures.context_fixtures | Browser context closed [Worker: main]
2026-01-22 22:10:28 | INFO | fixtures.context_fixtures | --- Context teardown completed [Worker: main] ---
2026-01-22 22:10:28 | INFO | fixtures.browser_fixtures | Closing browser session...
2026-01-22 22:10:34 | INFO | fixtures.browser_fixtures | Browser closed successfully 🧹
2026-01-22 22:10:34 | INFO | fixtures.browser_fixtures | ========== Browser Session Finished ==========
2026-01-23 15:26:44 | INFO | conftest | ========== Initiating Automation Setup ==========
2026-01-23 15:26:44 | INFO | fixtures.auth_fixtures | Auth disabled (--use-auth not provided). Running anonymous session.
2026-01-23 15:26:44 | INFO | fixtures.browser_fixtures | ========== Browser Session Setup ==========
2026-01-23 15:26:44 | INFO | fixtures.browser_fixtures | Browser type       : chromium
2026-01-23 15:26:44 | INFO | fixtures.browser_fixtures | Headless mode      : False
2026-01-23 15:26:44 | INFO | fixtures.browser_fixtures | SlowMo             : 50
2026-01-23 15:26:44 | INFO | fixtures.browser_fixtures | Channel            : chrome
2026-01-23 15:26:44 | INFO | fixtures.browser_fixtures | Using CDP          : False
2026-01-23 15:26:44 | INFO | fixtures.browser_fixtures | Launching new browser instance...
2026-01-23 15:26:45 | INFO | fixtures.browser_fixtures | New browser launched successfully ✅
2026-01-23 15:26:45 | INFO | fixtures.context_fixtures | --- Context setup started [Worker: main] ---
2026-01-23 15:26:45 | INFO | fixtures.context_fixtures | Capture HAR    : False
2026-01-23 15:26:45 | INFO | fixtures.context_fixtures | Capture Trace  : False
2026-01-23 15:26:45 | INFO | fixtures.context_fixtures | Capture Video  : False
2026-01-23 15:26:45 | INFO | fixtures.context_fixtures | Auth Enabled   : False
2026-01-23 15:26:45 | INFO | fixtures.context_fixtures | No storage_state — running anonymous session
2026-01-23 15:26:45 | INFO | fixtures.context_fixtures | Browser context created successfully
2026-01-23 15:26:45 | INFO | fixtures.context_fixtures | Cookie consent injected
2026-01-23 15:26:45 | INFO | fixtures.page_fixtures | Creating new page...
2026-01-23 15:26:47 | INFO | fixtures.page_fixtures | New page created successfully
2026-01-23 15:26:47 | INFO | fixtures.page_fixtures | Navigating to base URL: https://www.flipkart.com/
2026-01-23 15:26:48 | INFO | HomePage | Hover → role=button, name=x
2026-01-23 15:26:53 | INFO | HomePage | Retry 1/3 failed for: hover button 'x'
2026-01-23 15:26:59 | INFO | HomePage | Retry 2/3 failed for: hover button 'x'
2026-01-23 15:27:05 | INFO | HomePage | Retry 3/3 failed for: hover button 'x'
2026-01-23 15:27:05 | ERROR | fixtures.page_fixtures | Test FAILED: test_verify_home_page
2026-01-23 15:27:05 | INFO | fixtures.page_fixtures | Capturing screenshot for failed test...
2026-01-23 15:27:07 | INFO | fixtures.page_fixtures | Failure screenshot attached to Allure report
2026-01-23 15:27:07 | INFO | fixtures.page_fixtures | Page closed successfully
2026-01-23 15:27:07 | INFO | fixtures.context_fixtures | Browser context closed [Worker: main]
2026-01-23 15:27:07 | INFO | fixtures.context_fixtures | --- Context teardown completed [Worker: main] ---
2026-01-23 15:27:07 | INFO | fixtures.browser_fixtures | Closing browser session...
2026-01-23 15:27:33 | INFO | conftest | ========== Initiating Automation Setup ==========
2026-01-23 15:27:33 | INFO | fixtures.auth_fixtures | Auth disabled (--use-auth not provided). Running anonymous session.
2026-01-23 15:27:33 | INFO | fixtures.browser_fixtures | ========== Browser Session Setup ==========
2026-01-23 15:27:33 | INFO | fixtures.browser_fixtures | Browser type       : chromium
2026-01-23 15:27:33 | INFO | fixtures.browser_fixtures | Headless mode      : False
2026-01-23 15:27:33 | INFO | fixtures.browser_fixtures | SlowMo             : 50
2026-01-23 15:27:33 | INFO | fixtures.browser_fixtures | Channel            : chrome
2026-01-23 15:27:33 | INFO | fixtures.browser_fixtures | Using CDP          : False
2026-01-23 15:27:33 | INFO | fixtures.browser_fixtures | Launching new browser instance...
2026-01-23 15:27:33 | INFO | fixtures.browser_fixtures | New browser launched successfully ✅
2026-01-23 15:27:33 | INFO | fixtures.context_fixtures | --- Context setup started [Worker: main] ---
2026-01-23 15:27:33 | INFO | fixtures.context_fixtures | Capture HAR    : False
2026-01-23 15:27:33 | INFO | fixtures.context_fixtures | Capture Trace  : False
2026-01-23 15:27:33 | INFO | fixtures.context_fixtures | Capture Video  : False
2026-01-23 15:27:33 | INFO | fixtures.context_fixtures | Auth Enabled   : False
2026-01-23 15:27:33 | INFO | fixtures.context_fixtures | No storage_state — running anonymous session
2026-01-23 15:27:33 | INFO | fixtures.context_fixtures | Browser context created successfully
2026-01-23 15:27:33 | INFO | fixtures.context_fixtures | Cookie consent injected
2026-01-23 15:27:33 | INFO | fixtures.page_fixtures | Creating new page...
2026-01-23 15:27:35 | INFO | fixtures.page_fixtures | New page created successfully
2026-01-23 15:27:35 | INFO | fixtures.page_fixtures | Navigating to base URL: https://www.flipkart.com/
2026-01-23 15:27:37 | ERROR | fixtures.page_fixtures | Test FAILED: test_verify_home_page
2026-01-23 15:27:37 | INFO | fixtures.page_fixtures | Capturing screenshot for failed test...
2026-01-23 15:27:42 | INFO | fixtures.page_fixtures | Failure screenshot attached to Allure report
2026-01-23 15:27:42 | INFO | fixtures.page_fixtures | Page closed successfully
2026-01-23 15:27:43 | INFO | fixtures.context_fixtures | Browser context closed [Worker: main]
2026-01-23 15:27:43 | INFO | fixtures.context_fixtures | --- Context teardown completed [Worker: main] ---
2026-01-23 15:27:43 | INFO | fixtures.browser_fixtures | Closing browser session...
2026-01-23 15:27:43 | INFO | fixtures.browser_fixtures | Browser closed successfully 🧹
2026-01-23 15:27:43 | INFO | fixtures.browser_fixtures | ========== Browser Session Finished ==========
2026-01-23 15:28:01 | INFO | conftest | ========== Initiating Automation Setup ==========
2026-01-23 15:28:01 | INFO | fixtures.auth_fixtures | Auth disabled (--use-auth not provided). Running anonymous session.
2026-01-23 15:28:01 | INFO | fixtures.browser_fixtures | ========== Browser Session Setup ==========
2026-01-23 15:28:01 | INFO | fixtures.browser_fixtures | Browser type       : chromium
2026-01-23 15:28:01 | INFO | fixtures.browser_fixtures | Headless mode      : False
2026-01-23 15:28:01 | INFO | fixtures.browser_fixtures | SlowMo             : 50
2026-01-23 15:28:01 | INFO | fixtures.browser_fixtures | Channel            : chrome
2026-01-23 15:28:01 | INFO | fixtures.browser_fixtures | Using CDP          : False
2026-01-23 15:28:01 | INFO | fixtures.browser_fixtures | Launching new browser instance...
2026-01-23 15:28:02 | INFO | fixtures.browser_fixtures | New browser launched successfully ✅
2026-01-23 15:28:02 | INFO | fixtures.context_fixtures | --- Context setup started [Worker: main] ---
2026-01-23 15:28:02 | INFO | fixtures.context_fixtures | Capture HAR    : False
2026-01-23 15:28:02 | INFO | fixtures.context_fixtures | Capture Trace  : False
2026-01-23 15:28:02 | INFO | fixtures.context_fixtures | Capture Video  : False
2026-01-23 15:28:02 | INFO | fixtures.context_fixtures | Auth Enabled   : False
2026-01-23 15:28:02 | INFO | fixtures.context_fixtures | No storage_state — running anonymous session
2026-01-23 15:28:02 | INFO | fixtures.context_fixtures | Browser context created successfully
2026-01-23 15:28:02 | INFO | fixtures.context_fixtures | Cookie consent injected
2026-01-23 15:28:02 | INFO | fixtures.page_fixtures | Creating new page...
2026-01-23 15:28:03 | INFO | fixtures.page_fixtures | New page created successfully
2026-01-23 15:28:03 | INFO | fixtures.page_fixtures | Navigating to base URL: https://www.flipkart.com/
2026-01-23 15:28:04 | ERROR | fixtures.page_fixtures | Test FAILED: test_verify_home_page
2026-01-23 15:28:04 | INFO | fixtures.page_fixtures | Capturing screenshot for failed test...
2026-01-23 15:28:10 | INFO | fixtures.page_fixtures | Failure screenshot attached to Allure report
2026-01-23 15:28:11 | INFO | fixtures.page_fixtures | Page closed successfully
2026-01-23 15:28:11 | INFO | fixtures.context_fixtures | Browser context closed [Worker: main]
2026-01-23 15:28:11 | INFO | fixtures.context_fixtures | --- Context teardown completed [Worker: main] ---
2026-01-23 15:28:11 | INFO | fixtures.browser_fixtures | Closing browser session...
2026-01-23 15:28:11 | INFO | fixtures.browser_fixtures | Browser closed successfully 🧹
2026-01-23 15:28:11 | INFO | fixtures.browser_fixtures | ========== Browser Session Finished ==========
2026-01-23 15:28:46 | INFO | conftest | ========== Initiating Automation Setup ==========
2026-01-23 15:28:46 | INFO | fixtures.auth_fixtures | Auth disabled (--use-auth not provided). Running anonymous session.
2026-01-23 15:28:46 | INFO | fixtures.browser_fixtures | ========== Browser Session Setup ==========
2026-01-23 15:28:46 | INFO | fixtures.browser_fixtures | Browser type       : chromium
2026-01-23 15:28:46 | INFO | fixtures.browser_fixtures | Headless mode      : False
2026-01-23 15:28:46 | INFO | fixtures.browser_fixtures | SlowMo             : 50
2026-01-23 15:28:46 | INFO | fixtures.browser_fixtures | Channel            : chrome
2026-01-23 15:28:46 | INFO | fixtures.browser_fixtures | Using CDP          : False
2026-01-23 15:28:46 | INFO | fixtures.browser_fixtures | Launching new browser instance...
2026-01-23 15:28:47 | INFO | fixtures.browser_fixtures | New browser launched successfully ✅
2026-01-23 15:28:47 | INFO | fixtures.context_fixtures | --- Context setup started [Worker: main] ---
2026-01-23 15:28:47 | INFO | fixtures.context_fixtures | Capture HAR    : False
2026-01-23 15:28:47 | INFO | fixtures.context_fixtures | Capture Trace  : False
2026-01-23 15:28:47 | INFO | fixtures.context_fixtures | Capture Video  : False
2026-01-23 15:28:47 | INFO | fixtures.context_fixtures | Auth Enabled   : False
2026-01-23 15:28:47 | INFO | fixtures.context_fixtures | No storage_state — running anonymous session
2026-01-23 15:28:47 | INFO | fixtures.context_fixtures | Browser context created successfully
2026-01-23 15:28:47 | INFO | fixtures.context_fixtures | Cookie consent injected
2026-01-23 15:28:47 | INFO | fixtures.page_fixtures | Creating new page...
2026-01-23 15:28:48 | INFO | fixtures.page_fixtures | New page created successfully
2026-01-23 15:28:48 | INFO | fixtures.page_fixtures | Navigating to base URL: https://www.flipkart.com/
2026-01-23 15:28:52 | ERROR | fixtures.page_fixtures | Test FAILED: test_verify_home_page
2026-01-23 15:28:52 | INFO | fixtures.page_fixtures | Capturing screenshot for failed test...
2026-01-23 15:29:00 | INFO | fixtures.page_fixtures | Failure screenshot attached to Allure report
2026-01-23 15:29:00 | INFO | fixtures.page_fixtures | Page closed successfully
2026-01-23 15:29:00 | INFO | fixtures.context_fixtures | Browser context closed [Worker: main]
2026-01-23 15:29:00 | INFO | fixtures.context_fixtures | --- Context teardown completed [Worker: main] ---
2026-01-23 15:29:01 | INFO | fixtures.browser_fixtures | Closing browser session...
2026-01-23 15:29:01 | INFO | fixtures.browser_fixtures | Browser closed successfully 🧹
2026-01-23 15:29:01 | INFO | fixtures.browser_fixtures | ========== Browser Session Finished ==========
2026-01-23 15:30:44 | INFO | conftest | ========== Initiating Automation Setup ==========
2026-01-23 15:30:44 | INFO | fixtures.auth_fixtures | Auth disabled (--use-auth not provided). Running anonymous session.
2026-01-23 15:30:44 | INFO | fixtures.browser_fixtures | ========== Browser Session Setup ==========
2026-01-23 15:30:44 | INFO | fixtures.browser_fixtures | Browser type       : chromium
2026-01-23 15:30:44 | INFO | fixtures.browser_fixtures | Headless mode      : False
2026-01-23 15:30:44 | INFO | fixtures.browser_fixtures | SlowMo             : 50
2026-01-23 15:30:44 | INFO | fixtures.browser_fixtures | Channel            : chrome
2026-01-23 15:30:44 | INFO | fixtures.browser_fixtures | Using CDP          : False
2026-01-23 15:30:45 | INFO | fixtures.browser_fixtures | Launching new browser instance...
2026-01-23 15:30:45 | INFO | fixtures.browser_fixtures | New browser launched successfully ✅
2026-01-23 15:30:45 | INFO | fixtures.context_fixtures | --- Context setup started [Worker: main] ---
2026-01-23 15:30:45 | INFO | fixtures.context_fixtures | Capture HAR    : False
2026-01-23 15:30:45 | INFO | fixtures.context_fixtures | Capture Trace  : False
2026-01-23 15:30:45 | INFO | fixtures.context_fixtures | Capture Video  : False
2026-01-23 15:30:45 | INFO | fixtures.context_fixtures | Auth Enabled   : False
2026-01-23 15:30:45 | INFO | fixtures.context_fixtures | No storage_state — running anonymous session
2026-01-23 15:30:45 | INFO | fixtures.context_fixtures | Browser context created successfully
2026-01-23 15:30:45 | INFO | fixtures.context_fixtures | Cookie consent injected
2026-01-23 15:30:45 | INFO | fixtures.page_fixtures | Creating new page...
2026-01-23 15:30:46 | INFO | fixtures.page_fixtures | New page created successfully
2026-01-23 15:30:46 | INFO | fixtures.page_fixtures | Navigating to base URL: https://www.flipkart.com/
2026-01-23 15:31:03 | INFO | HomePage | Redirected to url***https://www.flipkart.com/mobile-phones-store?param=4111&fm=neo%2Fmerchandising&iid=M_86650bbb-1a65-4458-b59f-38ccdb8bcd73_1_X1NCR146KC29_MC.AH1NTIJZ241Z&cid=AH1NTIJZ241Z
2026-01-23 15:31:03 | INFO | HomePage | <coroutine object Locator.get_attribute at 0x10540c240>
2026-01-23 15:31:03 | INFO | HomePage | <coroutine object Locator.get_attribute at 0x10540c340>
2026-01-23 15:31:03 | INFO | HomePage | <coroutine object Locator.get_attribute at 0x10540c440>
2026-01-23 15:31:03 | INFO | HomePage | <coroutine object Locator.get_attribute at 0x10540c540>
2026-01-23 15:31:03 | INFO | HomePage | <coroutine object Locator.get_attribute at 0x10540c640>
2026-01-23 15:31:03 | INFO | HomePage | <coroutine object Locator.get_attribute at 0x10540c740>
2026-01-23 15:31:03 | INFO | HomePage | <coroutine object Locator.get_attribute at 0x10540c840>
2026-01-23 15:31:03 | INFO | HomePage | <coroutine object Locator.get_attribute at 0x10540c940>
2026-01-23 15:31:03 | INFO | HomePage | <coroutine object Locator.get_attribute at 0x10540ca40>
2026-01-23 15:31:03 | INFO | HomePage | <coroutine object Locator.get_attribute at 0x10540cb40>
2026-01-23 15:31:03 | INFO | HomePage | <coroutine object Locator.get_attribute at 0x10540cc40>
2026-01-23 15:31:03 | INFO | HomePage | <coroutine object Locator.get_attribute at 0x10540cd40>
2026-01-23 15:31:03 | INFO | HomePage | <coroutine object Locator.get_attribute at 0x10540ce40>
2026-01-23 15:31:03 | INFO | HomePage | <coroutine object Locator.get_attribute at 0x10540cf40>
2026-01-23 15:31:03 | INFO | HomePage | <coroutine object Locator.get_attribute at 0x10540d040>
2026-01-23 15:31:03 | INFO | HomePage | <coroutine object Locator.get_attribute at 0x10540d140>
2026-01-23 15:31:03 | INFO | HomePage | <coroutine object Locator.get_attribute at 0x10540d240>
2026-01-23 15:31:03 | INFO | HomePage | <coroutine object Locator.get_attribute at 0x10540d340>
2026-01-23 15:31:03 | INFO | HomePage | <coroutine object Locator.get_attribute at 0x10540d440>
2026-01-23 15:31:03 | INFO | HomePage | <coroutine object Locator.get_attribute at 0x10540d540>
2026-01-23 15:31:03 | INFO | HomePage | <coroutine object Locator.get_attribute at 0x10540d640>
2026-01-23 15:31:03 | INFO | HomePage | <coroutine object Locator.get_attribute at 0x10540d740>
2026-01-23 15:31:03 | INFO | HomePage | <coroutine object Locator.get_attribute at 0x10540d840>
2026-01-23 15:31:03 | INFO | HomePage | <coroutine object Locator.get_attribute at 0x10540d940>
2026-01-23 15:31:03 | INFO | HomePage | <coroutine object Locator.get_attribute at 0x10540dc40>
2026-01-23 15:31:03 | INFO | HomePage | <coroutine object Locator.get_attribute at 0x10540dd40>
2026-01-23 15:31:03 | INFO | HomePage | <coroutine object Locator.get_attribute at 0x10540de40>
2026-01-23 15:31:03 | INFO | HomePage | <coroutine object Locator.get_attribute at 0x10540df40>
2026-01-23 15:31:03 | INFO | HomePage | <coroutine object Locator.get_attribute at 0x10540e040>
2026-01-23 15:31:03 | INFO | HomePage | <coroutine object Locator.get_attribute at 0x10540e140>
2026-01-23 15:31:03 | INFO | HomePage | <coroutine object Locator.get_attribute at 0x10540e240>
2026-01-23 15:31:03 | INFO | HomePage | <coroutine object Locator.get_attribute at 0x10540e340>
2026-01-23 15:31:03 | INFO | HomePage | <coroutine object Locator.get_attribute at 0x10540db40>
2026-01-23 15:31:03 | INFO | HomePage | <coroutine object Locator.get_attribute at 0x10540da40>
2026-01-23 15:31:03 | INFO | HomePage | <coroutine object Locator.get_attribute at 0x10540e440>
2026-01-23 15:31:03 | INFO | HomePage | <coroutine object Locator.get_attribute at 0x10540e540>
2026-01-23 15:31:03 | INFO | HomePage | <coroutine object Locator.get_attribute at 0x10540e640>
2026-01-23 15:31:03 | INFO | HomePage | <coroutine object Locator.get_attribute at 0x10540e740>
2026-01-23 15:31:03 | INFO | HomePage | <coroutine object Locator.get_attribute at 0x10540e840>
2026-01-23 15:31:03 | INFO | HomePage | <coroutine object Locator.get_attribute at 0x10540e940>
2026-01-23 15:31:03 | INFO | HomePage | <coroutine object Locator.get_attribute at 0x10540ea40>
2026-01-23 15:31:03 | INFO | HomePage | <coroutine object Locator.get_attribute at 0x10540eb40>
2026-01-23 15:31:03 | INFO | HomePage | <coroutine object Locator.get_attribute at 0x10540ec40>
2026-01-23 15:31:03 | INFO | HomePage | <coroutine object Locator.get_attribute at 0x10540ed40>
2026-01-23 15:31:03 | INFO | HomePage | <coroutine object Locator.get_attribute at 0x10540ee40>
2026-01-23 15:31:03 | INFO | HomePage | <coroutine object Locator.get_attribute at 0x10540ef40>
2026-01-23 15:31:03 | INFO | HomePage | <coroutine object Locator.get_attribute at 0x10540f040>
2026-01-23 15:31:03 | INFO | HomePage | <coroutine object Locator.get_attribute at 0x10540f140>
2026-01-23 15:31:03 | INFO | HomePage | <coroutine object Locator.get_attribute at 0x10540f240>
2026-01-23 15:31:03 | INFO | HomePage | <coroutine object Locator.get_attribute at 0x10540f340>
2026-01-23 15:31:03 | INFO | HomePage | <coroutine object Locator.get_attribute at 0x10540f440>
2026-01-23 15:31:03 | INFO | HomePage | <coroutine object Locator.get_attribute at 0x10540f540>
2026-01-23 15:31:03 | INFO | HomePage | <coroutine object Locator.get_attribute at 0x10540f640>
2026-01-23 15:31:03 | INFO | HomePage | <coroutine object Locator.get_attribute at 0x10540f740>
2026-01-23 15:31:03 | INFO | HomePage | <coroutine object Locator.get_attribute at 0x10540f840>
2026-01-23 15:31:03 | INFO | HomePage | <coroutine object Locator.get_attribute at 0x10540f940>
2026-01-23 15:31:03 | INFO | HomePage | <coroutine object Locator.get_attribute at 0x10540fa40>
2026-01-23 15:31:03 | INFO | HomePage | <coroutine object Locator.get_attribute at 0x10540fb40>
2026-01-23 15:31:03 | INFO | HomePage | <coroutine object Locator.get_attribute at 0x10540fc40>
2026-01-23 15:31:03 | INFO | HomePage | <coroutine object Locator.get_attribute at 0x10540fd40>
2026-01-23 15:31:03 | INFO | HomePage | <coroutine object Locator.get_attribute at 0x10540fe40>
2026-01-23 15:31:03 | INFO | HomePage | <coroutine object Locator.get_attribute at 0x105608040>
2026-01-23 15:31:03 | INFO | HomePage | <coroutine object Locator.get_attribute at 0x105608140>
2026-01-23 15:31:03 | INFO | HomePage | <coroutine object Locator.get_attribute at 0x105608240>
2026-01-23 15:31:03 | INFO | HomePage | <coroutine object Locator.get_attribute at 0x105608340>
2026-01-23 15:31:03 | INFO | HomePage | <coroutine object Locator.get_attribute at 0x105608440>
2026-01-23 15:31:03 | INFO | HomePage | <coroutine object Locator.get_attribute at 0x105608540>
2026-01-23 15:31:03 | INFO | HomePage | <coroutine object Locator.get_attribute at 0x105608640>
2026-01-23 15:31:03 | INFO | HomePage | <coroutine object Locator.get_attribute at 0x105608740>
2026-01-23 15:31:03 | INFO | HomePage | <coroutine object Locator.get_attribute at 0x105608840>
2026-01-23 15:31:03 | INFO | HomePage | <coroutine object Locator.get_attribute at 0x105608940>
2026-01-23 15:31:03 | INFO | HomePage | <coroutine object Locator.get_attribute at 0x105608a40>
2026-01-23 15:31:03 | INFO | HomePage | <coroutine object Locator.get_attribute at 0x105608b40>
2026-01-23 15:31:03 | INFO | HomePage | <coroutine object Locator.get_attribute at 0x105608c40>
2026-01-23 15:31:03 | INFO | HomePage | <coroutine object Locator.get_attribute at 0x105608d40>
2026-01-23 15:31:03 | INFO | HomePage | <coroutine object Locator.get_attribute at 0x105608e40>
2026-01-23 15:31:03 | INFO | HomePage | <coroutine object Locator.get_attribute at 0x105608f40>
2026-01-23 15:31:03 | INFO | HomePage | <coroutine object Locator.get_attribute at 0x105609040>
2026-01-23 15:31:03 | INFO | HomePage | <coroutine object Locator.get_attribute at 0x105609140>
2026-01-23 15:31:03 | INFO | HomePage | <coroutine object Locator.get_attribute at 0x105609240>
2026-01-23 15:31:03 | INFO | HomePage | <coroutine object Locator.get_attribute at 0x105609340>
2026-01-23 15:31:03 | INFO | HomePage | <coroutine object Locator.get_attribute at 0x105609440>
2026-01-23 15:31:03 | INFO | HomePage | <coroutine object Locator.get_attribute at 0x105609540>
2026-01-23 15:31:03 | INFO | fixtures.page_fixtures | Test PASSED: test_verify_home_page
2026-01-23 15:31:03 | INFO | fixtures.page_fixtures | Page closed successfully
2026-01-23 15:31:03 | INFO | fixtures.context_fixtures | Browser context closed [Worker: main]
2026-01-23 15:31:03 | INFO | fixtures.context_fixtures | --- Context teardown completed [Worker: main] ---
2026-01-23 15:31:03 | INFO | fixtures.browser_fixtures | Closing browser session...
2026-01-23 15:31:03 | INFO | fixtures.browser_fixtures | Browser closed successfully 🧹
2026-01-23 15:31:03 | INFO | fixtures.browser_fixtures | ========== Browser Session Finished ==========
2026-01-23 15:31:43 | INFO | conftest | ========== Initiating Automation Setup ==========
2026-01-23 15:31:43 | INFO | fixtures.auth_fixtures | Auth disabled (--use-auth not provided). Running anonymous session.
2026-01-23 15:31:43 | INFO | fixtures.browser_fixtures | ========== Browser Session Setup ==========
2026-01-23 15:31:43 | INFO | fixtures.browser_fixtures | Browser type       : chromium
2026-01-23 15:31:43 | INFO | fixtures.browser_fixtures | Headless mode      : False
2026-01-23 15:31:43 | INFO | fixtures.browser_fixtures | SlowMo             : 50
2026-01-23 15:31:43 | INFO | fixtures.browser_fixtures | Channel            : chrome
2026-01-23 15:31:43 | INFO | fixtures.browser_fixtures | Using CDP          : False
2026-01-23 15:31:43 | INFO | fixtures.browser_fixtures | Launching new browser instance...
2026-01-23 15:31:44 | INFO | fixtures.browser_fixtures | New browser launched successfully ✅
2026-01-23 15:31:44 | INFO | fixtures.context_fixtures | --- Context setup started [Worker: main] ---
2026-01-23 15:31:44 | INFO | fixtures.context_fixtures | Capture HAR    : False
2026-01-23 15:31:44 | INFO | fixtures.context_fixtures | Capture Trace  : False
2026-01-23 15:31:44 | INFO | fixtures.context_fixtures | Capture Video  : False
2026-01-23 15:31:44 | INFO | fixtures.context_fixtures | Auth Enabled   : False
2026-01-23 15:31:44 | INFO | fixtures.context_fixtures | No storage_state — running anonymous session
2026-01-23 15:31:44 | INFO | fixtures.context_fixtures | Browser context created successfully
2026-01-23 15:31:44 | INFO | fixtures.context_fixtures | Cookie consent injected
2026-01-23 15:31:44 | INFO | fixtures.page_fixtures | Creating new page...
2026-01-23 15:31:45 | INFO | fixtures.page_fixtures | New page created successfully
2026-01-23 15:31:45 | INFO | fixtures.page_fixtures | Navigating to base URL: https://www.flipkart.com/
2026-01-23 15:32:01 | INFO | HomePage | Redirected to url***https://www.flipkart.com/mobile-phones-store?param=4111&fm=neo%2Fmerchandising&iid=M_b4218e78-a3fe-49ac-a5ef-b86ac4dcd9e5_1_X1NCR146KC29_MC.AH1NTIJZ241Z&cid=AH1NTIJZ241Z
2026-01-23 15:32:01 | INFO | HomePage | image name is ****** Flipkart
2026-01-23 15:32:01 | INFO | HomePage | image name is ****** d
2026-01-23 15:32:01 | INFO | HomePage | image name is ****** d
2026-01-23 15:32:01 | INFO | HomePage | image name is ****** d
2026-01-23 15:32:01 | INFO | HomePage | image name is ****** d
2026-01-23 15:32:01 | INFO | HomePage | image name is ****** s
2026-01-23 15:32:01 | INFO | HomePage | image name is ****** s
2026-01-23 15:32:01 | INFO | HomePage | image name is ****** d
2026-01-23 15:32:01 | INFO | HomePage | image name is ****** d
2026-01-23 15:32:01 | INFO | HomePage | image name is ****** d
2026-01-23 15:32:01 | INFO | HomePage | image name is ****** d
2026-01-23 15:32:02 | INFO | HomePage | image name is ****** q
2026-01-23 15:32:02 | INFO | HomePage | image name is ****** q
2026-01-23 15:32:02 | INFO | HomePage | image name is ****** vivo-X200T-CLP-Tsr-EB- 20th
2026-01-23 15:32:02 | INFO | HomePage | image name is ****** vivo-X200T-CLP-Tsr-EB- 20th
2026-01-23 15:32:02 | INFO | HomePage | image name is ****** a
2026-01-23 15:32:02 | INFO | HomePage | image name is ****** a
2026-01-23 15:32:02 | INFO | HomePage | image name is ****** f
2026-01-23 15:32:02 | INFO | HomePage | image name is ****** f
2026-01-23 15:32:02 | INFO | HomePage | image name is ****** d
2026-01-23 15:32:02 | INFO | HomePage | image name is ****** d
2026-01-23 15:32:02 | INFO | HomePage | image name is ****** Samsung-Galaxy S24 5G
2026-01-23 15:32:02 | INFO | HomePage | image name is ****** Samsung-Galaxy S24 5G
2026-01-23 15:32:02 | INFO | HomePage | image name is ****** 1
2026-01-23 15:32:02 | INFO | HomePage | image name is ****** 1
2026-01-23 15:32:02 | INFO | HomePage | image name is ****** Google-Pixel 9a
2026-01-23 15:32:02 | INFO | HomePage | image name is ****** Google-Pixel 9a
2026-01-23 15:32:02 | INFO | HomePage | image name is ****** Apple-iPhone 16
2026-01-23 15:32:02 | INFO | HomePage | image name is ****** Apple-iPhone 16
2026-01-23 15:32:02 | INFO | HomePage | image name is ****** sa
2026-01-23 15:32:02 | INFO | HomePage | image name is ****** sa
2026-01-23 15:32:02 | INFO | HomePage | image name is ****** 1
2026-01-23 15:32:02 | INFO | HomePage | image name is ****** 1
2026-01-23 15:32:02 | INFO | HomePage | image name is ****** s
2026-01-23 15:32:02 | INFO | HomePage | image name is ****** s
2026-01-23 15:32:02 | INFO | HomePage | image name is ****** 1
2026-01-23 15:32:02 | INFO | HomePage | image name is ****** 1
2026-01-23 15:32:02 | INFO | HomePage | image name is ****** 1
2026-01-23 15:32:02 | INFO | HomePage | image name is ****** 1
2026-01-23 15:32:02 | INFO | HomePage | image name is ****** 1
2026-01-23 15:32:02 | INFO | HomePage | image name is ****** 1
2026-01-23 15:32:02 | INFO | HomePage | image name is ****** 1
2026-01-23 15:32:02 | INFO | HomePage | image name is ****** 1
2026-01-23 15:32:02 | INFO | HomePage | image name is ****** Vivo-T4R
2026-01-23 15:32:02 | INFO | HomePage | image name is ****** Vivo-T4R
2026-01-23 15:32:02 | INFO | HomePage | image name is ****** 1
2026-01-23 15:32:02 | INFO | HomePage | image name is ****** 1
2026-01-23 15:32:02 | INFO | HomePage | image name is ****** Motorola-G96 5G
2026-01-23 15:32:02 | INFO | HomePage | image name is ****** Motorola-G96 5G
2026-01-23 15:32:02 | INFO | HomePage | image name is ****** i
2026-01-23 15:32:02 | INFO | HomePage | image name is ****** i
2026-01-23 15:32:02 | INFO | HomePage | image name is ****** 1
2026-01-23 15:32:02 | INFO | HomePage | image name is ****** 1
2026-01-23 15:32:02 | INFO | HomePage | image name is ****** 1
2026-01-23 15:32:02 | INFO | HomePage | image name is ****** 1
2026-01-23 15:32:02 | INFO | HomePage | image name is ****** Moto-G57-Power
2026-01-23 15:32:02 | INFO | HomePage | image name is ****** Moto-G57-Power
2026-01-23 15:32:02 | INFO | HomePage | image name is ****** 1
2026-01-23 15:32:02 | INFO | HomePage | image name is ****** 1
2026-01-23 15:32:02 | INFO | HomePage | image name is ****** a
2026-01-23 15:32:02 | INFO | HomePage | image name is ****** a
2026-01-23 15:32:02 | INFO | HomePage | image name is ****** as
2026-01-23 15:32:02 | INFO | HomePage | image name is ****** as
2026-01-23 15:32:02 | INFO | HomePage | image name is ****** vbn
2026-01-23 15:32:02 | INFO | HomePage | image name is ****** vbn
2026-01-23 15:32:02 | INFO | HomePage | image name is ****** q
2026-01-23 15:32:02 | INFO | HomePage | image name is ****** q
2026-01-23 15:32:02 | INFO | HomePage | image name is ****** a
2026-01-23 15:32:02 | INFO | HomePage | image name is ****** a
2026-01-23 15:32:02 | INFO | HomePage | image name is ****** a
2026-01-23 15:32:02 | INFO | HomePage | image name is ****** a
2026-01-23 15:32:02 | INFO | HomePage | image name is ****** a
2026-01-23 15:32:02 | INFO | HomePage | image name is ****** a
2026-01-23 15:32:02 | INFO | HomePage | image name is ****** a
2026-01-23 15:32:02 | INFO | HomePage | image name is ****** a
2026-01-23 15:32:02 | INFO | HomePage | image name is ****** a
2026-01-23 15:32:02 | INFO | HomePage | image name is ****** a
2026-01-23 15:32:02 | INFO | HomePage | image name is ****** motorola-Edge 7
2026-01-23 15:32:02 | INFO | HomePage | image name is ****** motorola-Edge 7
2026-01-23 15:32:02 | INFO | HomePage | image name is ****** a
2026-01-23 15:32:02 | INFO | HomePage | image name is ****** a
2026-01-23 15:32:02 | INFO | HomePage | image name is ****** i
2026-01-23 15:32:02 | INFO | HomePage | image name is ****** i
2026-01-23 15:32:02 | INFO | fixtures.page_fixtures | Test PASSED: test_verify_home_page
2026-01-23 15:32:02 | INFO | fixtures.page_fixtures | Page closed successfully
2026-01-23 15:32:02 | INFO | fixtures.context_fixtures | Browser context closed [Worker: main]
2026-01-23 15:32:02 | INFO | fixtures.context_fixtures | --- Context teardown completed [Worker: main] ---
2026-01-23 15:32:02 | INFO | fixtures.browser_fixtures | Closing browser session...
2026-01-23 15:32:02 | INFO | fixtures.browser_fixtures | Browser closed successfully 🧹
2026-01-23 15:32:02 | INFO | fixtures.browser_fixtures | ========== Browser Session Finished ==========
2026-01-23 16:24:59 | INFO | conftest | ========== Initiating Automation Setup ==========
2026-01-23 16:24:59 | INFO | fixtures.auth_fixtures | Auth disabled (--use-auth not provided). Running anonymous session.
2026-01-23 16:24:59 | INFO | fixtures.browser_fixtures | ========== Browser Session Setup ==========
2026-01-23 16:24:59 | INFO | fixtures.browser_fixtures | Browser type       : chromium
2026-01-23 16:24:59 | INFO | fixtures.browser_fixtures | Headless mode      : False
2026-01-23 16:24:59 | INFO | fixtures.browser_fixtures | SlowMo             : 50
2026-01-23 16:24:59 | INFO | fixtures.browser_fixtures | Channel            : chrome
2026-01-23 16:24:59 | INFO | fixtures.browser_fixtures | Using CDP          : False
2026-01-23 16:25:00 | INFO | fixtures.browser_fixtures | Launching new browser instance...
2026-01-23 16:25:00 | INFO | fixtures.browser_fixtures | New browser launched successfully ✅
2026-01-23 16:25:00 | INFO | fixtures.context_fixtures | --- Context setup started [Worker: main] ---
2026-01-23 16:25:00 | INFO | fixtures.context_fixtures | Capture HAR    : False
2026-01-23 16:25:00 | INFO | fixtures.context_fixtures | Capture Trace  : False
2026-01-23 16:25:00 | INFO | fixtures.context_fixtures | Capture Video  : False
2026-01-23 16:25:00 | INFO | fixtures.context_fixtures | Auth Enabled   : False
2026-01-23 16:25:00 | INFO | fixtures.context_fixtures | No storage_state — running anonymous session
2026-01-23 16:25:00 | INFO | fixtures.context_fixtures | Browser context created successfully
2026-01-23 16:25:00 | INFO | fixtures.context_fixtures | Cookie consent injected
2026-01-23 16:25:00 | INFO | fixtures.page_fixtures | Creating new page...
2026-01-23 16:25:02 | INFO | fixtures.page_fixtures | New page created successfully
2026-01-23 16:25:02 | INFO | fixtures.page_fixtures | Navigating to base URL: https://www.flipkart.com/
2026-01-23 16:25:17 | INFO | HomePage | Redirected to url***https://www.flipkart.com/mobile-phones-store?param=4111&fm=neo%2Fmerchandising&iid=M_46c26633-9ee7-43c9-9a60-c2b3531f6279_1_X1NCR146KC29_MC.AH1NTIJZ241Z&cid=AH1NTIJZ241Z
2026-01-23 16:25:17 | INFO | HomePage | image name is ****** Flipkart
2026-01-23 16:25:17 | INFO | HomePage | image name is ****** d
2026-01-23 16:25:17 | INFO | HomePage | image name is ****** d
2026-01-23 16:25:17 | INFO | HomePage | image name is ****** d
2026-01-23 16:25:17 | INFO | HomePage | image name is ****** d
2026-01-23 16:25:17 | INFO | HomePage | image name is ****** s
2026-01-23 16:25:17 | INFO | HomePage | image name is ****** s
2026-01-23 16:25:17 | INFO | HomePage | image name is ****** d
2026-01-23 16:25:17 | INFO | HomePage | image name is ****** d
2026-01-23 16:25:17 | INFO | HomePage | image name is ****** d
2026-01-23 16:25:17 | INFO | HomePage | image name is ****** d
2026-01-23 16:25:17 | INFO | HomePage | image name is ****** q
2026-01-23 16:25:17 | INFO | HomePage | image name is ****** q
2026-01-23 16:25:17 | INFO | HomePage | image name is ****** vivo-X200T-CLP-Tsr-EB- 20th
2026-01-23 16:25:17 | INFO | HomePage | image name is ****** vivo-X200T-CLP-Tsr-EB- 20th
2026-01-23 16:25:17 | INFO | HomePage | image name is ****** a
2026-01-23 16:25:17 | INFO | HomePage | image name is ****** a
2026-01-23 16:25:17 | INFO | HomePage | image name is ****** f
2026-01-23 16:25:17 | INFO | HomePage | image name is ****** f
2026-01-23 16:25:17 | INFO | HomePage | image name is ****** d
2026-01-23 16:25:17 | INFO | HomePage | image name is ****** d
2026-01-23 16:25:17 | INFO | HomePage | image name is ****** Samsung-Galaxy S24 5G
2026-01-23 16:25:17 | INFO | HomePage | image name is ****** Samsung-Galaxy S24 5G
2026-01-23 16:25:17 | INFO | HomePage | image name is ****** 1
2026-01-23 16:25:17 | INFO | HomePage | image name is ****** 1
2026-01-23 16:25:17 | INFO | HomePage | image name is ****** Google-Pixel 9a
2026-01-23 16:25:17 | INFO | HomePage | image name is ****** Google-Pixel 9a
2026-01-23 16:25:17 | INFO | HomePage | image name is ****** Apple-iPhone 16
2026-01-23 16:25:17 | INFO | HomePage | image name is ****** Apple-iPhone 16
2026-01-23 16:25:17 | INFO | HomePage | image name is ****** sa
2026-01-23 16:25:17 | INFO | HomePage | image name is ****** sa
2026-01-23 16:25:17 | INFO | HomePage | image name is ****** 1
2026-01-23 16:25:17 | INFO | HomePage | image name is ****** 1
2026-01-23 16:25:17 | INFO | HomePage | image name is ****** s
2026-01-23 16:25:17 | INFO | HomePage | image name is ****** s
2026-01-23 16:25:17 | INFO | HomePage | image name is ****** 1
2026-01-23 16:25:17 | INFO | HomePage | image name is ****** 1
2026-01-23 16:25:17 | INFO | HomePage | image name is ****** 1
2026-01-23 16:25:17 | INFO | HomePage | image name is ****** 1
2026-01-23 16:25:17 | INFO | HomePage | image name is ****** 1
2026-01-23 16:25:17 | INFO | HomePage | image name is ****** 1
2026-01-23 16:25:17 | INFO | HomePage | image name is ****** 1
2026-01-23 16:25:17 | INFO | HomePage | image name is ****** 1
2026-01-23 16:25:17 | INFO | HomePage | image name is ****** Vivo-T4R
2026-01-23 16:25:17 | INFO | HomePage | image name is ****** Vivo-T4R
2026-01-23 16:25:17 | INFO | HomePage | image name is ****** 1
2026-01-23 16:25:17 | INFO | HomePage | image name is ****** 1
2026-01-23 16:25:17 | INFO | HomePage | image name is ****** Motorola-G96 5G
2026-01-23 16:25:17 | INFO | HomePage | image name is ****** Motorola-G96 5G
2026-01-23 16:25:17 | INFO | HomePage | image name is ****** i
2026-01-23 16:25:17 | INFO | HomePage | image name is ****** i
2026-01-23 16:25:17 | INFO | HomePage | image name is ****** 1
2026-01-23 16:25:17 | INFO | HomePage | image name is ****** 1
2026-01-23 16:25:17 | INFO | HomePage | image name is ****** 1
2026-01-23 16:25:17 | INFO | HomePage | image name is ****** 1
2026-01-23 16:25:17 | INFO | HomePage | image name is ****** Moto-G57-Power
2026-01-23 16:25:17 | INFO | HomePage | image name is ****** Moto-G57-Power
2026-01-23 16:25:17 | INFO | HomePage | image name is ****** 1
2026-01-23 16:25:17 | INFO | HomePage | image name is ****** 1
2026-01-23 16:25:17 | INFO | HomePage | image name is ****** a
2026-01-23 16:25:17 | INFO | HomePage | image name is ****** a
2026-01-23 16:25:17 | INFO | HomePage | image name is ****** as
2026-01-23 16:25:17 | INFO | HomePage | image name is ****** as
2026-01-23 16:25:17 | INFO | HomePage | image name is ****** vbn
2026-01-23 16:25:17 | INFO | HomePage | image name is ****** vbn
2026-01-23 16:25:17 | INFO | HomePage | image name is ****** q
2026-01-23 16:25:17 | INFO | HomePage | image name is ****** q
2026-01-23 16:25:17 | INFO | HomePage | image name is ****** a
2026-01-23 16:25:17 | INFO | HomePage | image name is ****** a
2026-01-23 16:25:17 | INFO | HomePage | image name is ****** a
2026-01-23 16:25:17 | INFO | HomePage | image name is ****** a
2026-01-23 16:25:17 | INFO | HomePage | image name is ****** a
2026-01-23 16:25:17 | INFO | HomePage | image name is ****** a
2026-01-23 16:25:17 | INFO | HomePage | image name is ****** a
2026-01-23 16:25:17 | INFO | HomePage | image name is ****** a
2026-01-23 16:25:17 | INFO | HomePage | image name is ****** a
2026-01-23 16:25:17 | INFO | HomePage | image name is ****** a
2026-01-23 16:25:17 | INFO | HomePage | image name is ****** motorola-Edge 7
2026-01-23 16:25:17 | INFO | HomePage | image name is ****** motorola-Edge 7
2026-01-23 16:25:17 | INFO | HomePage | image name is ****** a
2026-01-23 16:25:17 | INFO | HomePage | image name is ****** a
2026-01-23 16:25:17 | INFO | HomePage | image name is ****** i
2026-01-23 16:25:17 | INFO | HomePage | image name is ****** i
2026-01-23 16:25:17 | INFO | fixtures.page_fixtures | Test PASSED: test_verify_home_page
2026-01-23 16:25:17 | INFO | fixtures.page_fixtures | Page closed successfully
2026-01-23 16:25:17 | INFO | fixtures.context_fixtures | Browser context closed [Worker: main]
2026-01-23 16:25:17 | INFO | fixtures.context_fixtures | --- Context teardown completed [Worker: main] ---
2026-01-23 16:25:17 | INFO | fixtures.browser_fixtures | Closing browser session...
2026-01-23 16:25:17 | INFO | fixtures.browser_fixtures | Browser closed successfully 🧹
2026-01-23 16:25:17 | INFO | fixtures.browser_fixtures | ========== Browser Session Finished ==========
2026-01-23 16:25:48 | INFO | conftest | ========== Initiating Automation Setup ==========
2026-01-23 16:25:48 | INFO | fixtures.auth_fixtures | Auth disabled (--use-auth not provided). Running anonymous session.
2026-01-23 16:25:48 | INFO | fixtures.browser_fixtures | ========== Browser Session Setup ==========
2026-01-23 16:25:48 | INFO | fixtures.browser_fixtures | Browser type       : chromium
2026-01-23 16:25:48 | INFO | fixtures.browser_fixtures | Headless mode      : False
2026-01-23 16:25:48 | INFO | fixtures.browser_fixtures | SlowMo             : 50
2026-01-23 16:25:48 | INFO | fixtures.browser_fixtures | Channel            : chrome
2026-01-23 16:25:48 | INFO | fixtures.browser_fixtures | Using CDP          : False
2026-01-23 16:25:48 | INFO | fixtures.browser_fixtures | Launching new browser instance...
2026-01-23 16:25:49 | INFO | fixtures.browser_fixtures | New browser launched successfully ✅
2026-01-23 16:25:49 | INFO | fixtures.context_fixtures | --- Context setup started [Worker: main] ---
2026-01-23 16:25:49 | INFO | fixtures.context_fixtures | Capture HAR    : False
2026-01-23 16:25:49 | INFO | fixtures.context_fixtures | Capture Trace  : False
2026-01-23 16:25:49 | INFO | fixtures.context_fixtures | Capture Video  : False
2026-01-23 16:25:49 | INFO | fixtures.context_fixtures | Auth Enabled   : False
2026-01-23 16:25:49 | INFO | fixtures.context_fixtures | No storage_state — running anonymous session
2026-01-23 16:25:49 | INFO | fixtures.context_fixtures | Browser context created successfully
2026-01-23 16:25:49 | INFO | fixtures.context_fixtures | Cookie consent injected
2026-01-23 16:25:49 | INFO | fixtures.page_fixtures | Creating new page...
2026-01-23 16:25:50 | INFO | fixtures.page_fixtures | New page created successfully
2026-01-23 16:25:50 | INFO | fixtures.page_fixtures | Navigating to base URL: https://www.flipkart.com/
2026-01-23 16:26:04 | INFO | HomePage | Redirected to url***https://www.flipkart.com/mobile-phones-store?param=4111&fm=neo%2Fmerchandising&iid=M_d7b35ae7-bef3-411b-a470-c66169c58b2a_1_X1NCR146KC29_MC.AH1NTIJZ241Z&cid=AH1NTIJZ241Z
2026-01-23 16:26:04 | INFO | HomePage | image name is ****** Flipkart
2026-01-23 16:26:04 | INFO | HomePage | image name is ****** d
2026-01-23 16:26:04 | INFO | HomePage | image name is ****** d
2026-01-23 16:26:04 | INFO | HomePage | image name is ****** d
2026-01-23 16:26:04 | INFO | HomePage | image name is ****** d
2026-01-23 16:26:04 | INFO | HomePage | image name is ****** s
2026-01-23 16:26:04 | INFO | HomePage | image name is ****** s
2026-01-23 16:26:04 | INFO | HomePage | image name is ****** d
2026-01-23 16:26:04 | INFO | HomePage | image name is ****** d
2026-01-23 16:26:04 | INFO | HomePage | image name is ****** d
2026-01-23 16:26:04 | INFO | HomePage | image name is ****** d
2026-01-23 16:26:04 | INFO | HomePage | image name is ****** q
2026-01-23 16:26:04 | INFO | HomePage | image name is ****** q
2026-01-23 16:26:04 | INFO | HomePage | image name is ****** vivo-X200T-CLP-Tsr-EB- 20th
2026-01-23 16:26:04 | INFO | HomePage | image name is ****** vivo-X200T-CLP-Tsr-EB- 20th
2026-01-23 16:26:04 | INFO | HomePage | image name is ****** a
2026-01-23 16:26:04 | INFO | HomePage | image name is ****** a
2026-01-23 16:26:04 | INFO | HomePage | image name is ****** f
2026-01-23 16:26:04 | INFO | HomePage | image name is ****** f
2026-01-23 16:26:04 | INFO | HomePage | image name is ****** d
2026-01-23 16:26:04 | INFO | HomePage | image name is ****** d
2026-01-23 16:26:04 | INFO | HomePage | image name is ****** Samsung-Galaxy S24 5G
2026-01-23 16:26:04 | INFO | HomePage | image name is ****** Samsung-Galaxy S24 5G
2026-01-23 16:26:04 | INFO | HomePage | image name is ****** 1
2026-01-23 16:26:04 | INFO | HomePage | image name is ****** 1
2026-01-23 16:26:04 | INFO | HomePage | image name is ****** Google-Pixel 9a
2026-01-23 16:26:04 | INFO | HomePage | image name is ****** Google-Pixel 9a
2026-01-23 16:26:04 | INFO | HomePage | image name is ****** Apple-iPhone 16
2026-01-23 16:26:04 | INFO | HomePage | image name is ****** Apple-iPhone 16
2026-01-23 16:26:04 | INFO | HomePage | image name is ****** sa
2026-01-23 16:26:04 | INFO | HomePage | image name is ****** sa
2026-01-23 16:26:04 | INFO | HomePage | image name is ****** 1
2026-01-23 16:26:04 | INFO | HomePage | image name is ****** 1
2026-01-23 16:26:04 | INFO | HomePage | image name is ****** s
2026-01-23 16:26:04 | INFO | HomePage | image name is ****** s
2026-01-23 16:26:04 | INFO | HomePage | image name is ****** 1
2026-01-23 16:26:04 | INFO | HomePage | image name is ****** 1
2026-01-23 16:26:04 | INFO | HomePage | image name is ****** 1
2026-01-23 16:26:04 | INFO | HomePage | image name is ****** 1
2026-01-23 16:26:04 | INFO | HomePage | image name is ****** 1
2026-01-23 16:26:04 | INFO | HomePage | image name is ****** 1
2026-01-23 16:26:04 | INFO | HomePage | image name is ****** 1
2026-01-23 16:26:04 | INFO | HomePage | image name is ****** 1
2026-01-23 16:26:04 | INFO | HomePage | image name is ****** Vivo-T4R
2026-01-23 16:26:04 | INFO | HomePage | image name is ****** Vivo-T4R
2026-01-23 16:26:04 | INFO | HomePage | image name is ****** 1
2026-01-23 16:26:04 | INFO | HomePage | image name is ****** 1
2026-01-23 16:26:04 | INFO | HomePage | image name is ****** Motorola-G96 5G
2026-01-23 16:26:04 | INFO | HomePage | image name is ****** Motorola-G96 5G
2026-01-23 16:26:04 | INFO | HomePage | image name is ****** i
2026-01-23 16:26:04 | INFO | HomePage | image name is ****** i
2026-01-23 16:26:04 | INFO | HomePage | image name is ****** 1
2026-01-23 16:26:04 | INFO | HomePage | image name is ****** 1
2026-01-23 16:26:04 | INFO | HomePage | image name is ****** 1
2026-01-23 16:26:04 | INFO | HomePage | image name is ****** 1
2026-01-23 16:26:04 | INFO | HomePage | image name is ****** Moto-G57-Power
2026-01-23 16:26:04 | INFO | HomePage | image name is ****** Moto-G57-Power
2026-01-23 16:26:04 | INFO | HomePage | image name is ****** 1
2026-01-23 16:26:04 | INFO | HomePage | image name is ****** 1
2026-01-23 16:26:04 | INFO | HomePage | image name is ****** a
2026-01-23 16:26:04 | INFO | HomePage | image name is ****** a
2026-01-23 16:26:04 | INFO | HomePage | image name is ****** vbn
2026-01-23 16:26:04 | INFO | HomePage | image name is ****** vbn
2026-01-23 16:26:04 | INFO | HomePage | image name is ****** as
2026-01-23 16:26:04 | INFO | HomePage | image name is ****** as
2026-01-23 16:26:04 | INFO | HomePage | image name is ****** q
2026-01-23 16:26:04 | INFO | HomePage | image name is ****** q
2026-01-23 16:26:04 | INFO | HomePage | image name is ****** a
2026-01-23 16:26:04 | INFO | HomePage | image name is ****** a
2026-01-23 16:26:04 | INFO | HomePage | image name is ****** a
2026-01-23 16:26:04 | INFO | HomePage | image name is ****** a
2026-01-23 16:26:04 | INFO | HomePage | image name is ****** a
2026-01-23 16:26:04 | INFO | HomePage | image name is ****** a
2026-01-23 16:26:04 | INFO | HomePage | image name is ****** a
2026-01-23 16:26:04 | INFO | HomePage | image name is ****** a
2026-01-23 16:26:04 | INFO | HomePage | image name is ****** a
2026-01-23 16:26:04 | INFO | HomePage | image name is ****** a
2026-01-23 16:26:04 | INFO | HomePage | image name is ****** motorola-Edge 7
2026-01-23 16:26:04 | INFO | HomePage | image name is ****** motorola-Edge 7
2026-01-23 16:26:04 | INFO | HomePage | image name is ****** a
2026-01-23 16:26:04 | INFO | HomePage | image name is ****** a
2026-01-23 16:26:04 | INFO | HomePage | image name is ****** i
2026-01-23 16:26:04 | INFO | HomePage | image name is ****** i
2026-01-23 16:26:04 | ERROR | fixtures.page_fixtures | Test FAILED: test_verify_home_page
2026-01-23 16:26:04 | INFO | fixtures.page_fixtures | Capturing screenshot for failed test...
2026-01-23 16:26:09 | INFO | fixtures.page_fixtures | Failure screenshot attached to Allure report
2026-01-23 16:26:09 | INFO | fixtures.page_fixtures | Page closed successfully
2026-01-23 16:26:09 | INFO | fixtures.context_fixtures | Browser context closed [Worker: main]
2026-01-23 16:26:09 | INFO | fixtures.context_fixtures | --- Context teardown completed [Worker: main] ---
2026-01-23 16:26:09 | INFO | fixtures.browser_fixtures | Closing browser session...
2026-01-23 16:26:34 | INFO | fixtures.browser_fixtures | Browser closed successfully 🧹
2026-01-23 16:26:34 | INFO | fixtures.browser_fixtures | ========== Browser Session Finished ==========
2026-01-23 16:27:13 | INFO | conftest | ========== Initiating Automation Setup ==========
2026-01-23 16:27:13 | INFO | fixtures.auth_fixtures | Auth disabled (--use-auth not provided). Running anonymous session.
2026-01-23 16:27:13 | INFO | fixtures.browser_fixtures | ========== Browser Session Setup ==========
2026-01-23 16:27:13 | INFO | fixtures.browser_fixtures | Browser type       : chromium
2026-01-23 16:27:13 | INFO | fixtures.browser_fixtures | Headless mode      : False
2026-01-23 16:27:13 | INFO | fixtures.browser_fixtures | SlowMo             : 50
2026-01-23 16:27:13 | INFO | fixtures.browser_fixtures | Channel            : chrome
2026-01-23 16:27:13 | INFO | fixtures.browser_fixtures | Using CDP          : False
2026-01-23 16:27:13 | INFO | fixtures.browser_fixtures | Launching new browser instance...
2026-01-23 16:27:13 | INFO | fixtures.browser_fixtures | New browser launched successfully ✅
2026-01-23 16:27:13 | INFO | fixtures.context_fixtures | --- Context setup started [Worker: main] ---
2026-01-23 16:27:13 | INFO | fixtures.context_fixtures | Capture HAR    : False
2026-01-23 16:27:13 | INFO | fixtures.context_fixtures | Capture Trace  : False
2026-01-23 16:27:13 | INFO | fixtures.context_fixtures | Capture Video  : False
2026-01-23 16:27:13 | INFO | fixtures.context_fixtures | Auth Enabled   : False
2026-01-23 16:27:13 | INFO | fixtures.context_fixtures | No storage_state — running anonymous session
2026-01-23 16:27:13 | INFO | fixtures.context_fixtures | Browser context created successfully
2026-01-23 16:27:13 | INFO | fixtures.context_fixtures | Cookie consent injected
2026-01-23 16:27:13 | INFO | fixtures.page_fixtures | Creating new page...
2026-01-23 16:27:15 | INFO | fixtures.page_fixtures | New page created successfully
2026-01-23 16:27:15 | INFO | fixtures.page_fixtures | Navigating to base URL: https://www.flipkart.com/
2026-01-23 16:27:31 | INFO | HomePage | Redirected to url***https://www.flipkart.com/mobile-phones-store?param=4111&fm=neo%2Fmerchandising&iid=M_02d1589a-5746-4ad0-9d22-22e0a41abb1b_1_X1NCR146KC29_MC.AH1NTIJZ241Z&cid=AH1NTIJZ241Z
2026-01-23 16:27:31 | INFO | HomePage | image name is ****** Flipkart
2026-01-23 16:27:31 | INFO | HomePage | image name is ****** d
2026-01-23 16:27:31 | INFO | HomePage | image name is ****** d
2026-01-23 16:27:31 | INFO | HomePage | image name is ****** d
2026-01-23 16:27:31 | INFO | HomePage | image name is ****** d
2026-01-23 16:27:31 | INFO | HomePage | image name is ****** s
2026-01-23 16:27:31 | INFO | HomePage | image name is ****** s
2026-01-23 16:27:31 | INFO | HomePage | image name is ****** d
2026-01-23 16:27:31 | INFO | HomePage | image name is ****** d
2026-01-23 16:27:31 | INFO | HomePage | image name is ****** d
2026-01-23 16:27:31 | INFO | HomePage | image name is ****** d
2026-01-23 16:27:31 | INFO | HomePage | image name is ****** q
2026-01-23 16:27:31 | INFO | HomePage | image name is ****** q
2026-01-23 16:27:31 | INFO | HomePage | image name is ****** vivo-X200T-CLP-Tsr-EB- 20th
2026-01-23 16:27:31 | INFO | HomePage | image name is ****** vivo-X200T-CLP-Tsr-EB- 20th
2026-01-23 16:27:31 | INFO | HomePage | image name is ****** a
2026-01-23 16:27:31 | INFO | HomePage | image name is ****** a
2026-01-23 16:27:31 | INFO | HomePage | image name is ****** f
2026-01-23 16:27:31 | INFO | HomePage | image name is ****** f
2026-01-23 16:27:31 | INFO | HomePage | image name is ****** d
2026-01-23 16:27:31 | INFO | HomePage | image name is ****** d
2026-01-23 16:27:31 | INFO | HomePage | image name is ****** Samsung-Galaxy S24 5G
2026-01-23 16:27:31 | INFO | HomePage | image name is ****** Samsung-Galaxy S24 5G
2026-01-23 16:27:31 | INFO | HomePage | image name is ****** 1
2026-01-23 16:27:31 | INFO | HomePage | image name is ****** 1
2026-01-23 16:27:31 | INFO | HomePage | image name is ****** Google-Pixel 9a
2026-01-23 16:27:31 | INFO | HomePage | image name is ****** Google-Pixel 9a
2026-01-23 16:27:31 | INFO | HomePage | image name is ****** Apple-iPhone 16
2026-01-23 16:27:31 | INFO | HomePage | image name is ****** Apple-iPhone 16
2026-01-23 16:27:31 | INFO | HomePage | image name is ****** sa
2026-01-23 16:27:31 | INFO | HomePage | image name is ****** sa
2026-01-23 16:27:31 | INFO | HomePage | image name is ****** 1
2026-01-23 16:27:31 | INFO | HomePage | image name is ****** 1
2026-01-23 16:27:31 | INFO | HomePage | image name is ****** s
2026-01-23 16:27:31 | INFO | HomePage | image name is ****** s
2026-01-23 16:27:31 | INFO | HomePage | image name is ****** 1
2026-01-23 16:27:31 | INFO | HomePage | image name is ****** 1
2026-01-23 16:27:31 | INFO | HomePage | image name is ****** 1
2026-01-23 16:27:31 | INFO | HomePage | image name is ****** 1
2026-01-23 16:27:31 | INFO | HomePage | image name is ****** 1
2026-01-23 16:27:31 | INFO | HomePage | image name is ****** 1
2026-01-23 16:27:31 | INFO | HomePage | image name is ****** 1
2026-01-23 16:27:31 | INFO | HomePage | image name is ****** 1
2026-01-23 16:27:31 | INFO | HomePage | image name is ****** Vivo-T4R
2026-01-23 16:27:31 | INFO | HomePage | image name is ****** Vivo-T4R
2026-01-23 16:27:31 | INFO | HomePage | image name is ****** 1
2026-01-23 16:27:31 | INFO | HomePage | image name is ****** 1
2026-01-23 16:27:31 | INFO | HomePage | image name is ****** Motorola-G96 5G
2026-01-23 16:27:31 | INFO | HomePage | image name is ****** Motorola-G96 5G
2026-01-23 16:27:31 | INFO | HomePage | image name is ****** i
2026-01-23 16:27:31 | INFO | HomePage | image name is ****** i
2026-01-23 16:27:31 | INFO | HomePage | image name is ****** 1
2026-01-23 16:27:31 | INFO | HomePage | image name is ****** 1
2026-01-23 16:27:31 | INFO | HomePage | image name is ****** 1
2026-01-23 16:27:31 | INFO | HomePage | image name is ****** 1
2026-01-23 16:27:31 | INFO | HomePage | image name is ****** Moto-G57-Power
2026-01-23 16:27:31 | INFO | HomePage | image name is ****** Moto-G57-Power
2026-01-23 16:27:31 | INFO | HomePage | image name is ****** 1
2026-01-23 16:27:31 | INFO | HomePage | image name is ****** 1
2026-01-23 16:27:31 | INFO | HomePage | image name is ****** a
2026-01-23 16:27:31 | INFO | HomePage | image name is ****** a
2026-01-23 16:27:31 | INFO | HomePage | image name is ****** vbn
2026-01-23 16:27:31 | INFO | HomePage | image name is ****** vbn
2026-01-23 16:27:31 | INFO | HomePage | image name is ****** as
2026-01-23 16:27:31 | INFO | HomePage | image name is ****** as
2026-01-23 16:27:31 | INFO | HomePage | image name is ****** q
2026-01-23 16:27:31 | INFO | HomePage | image name is ****** q
2026-01-23 16:27:31 | INFO | HomePage | image name is ****** a
2026-01-23 16:27:31 | INFO | HomePage | image name is ****** a
2026-01-23 16:27:31 | INFO | HomePage | image name is ****** a
2026-01-23 16:27:31 | INFO | HomePage | image name is ****** a
2026-01-23 16:27:31 | INFO | HomePage | image name is ****** a
2026-01-23 16:27:31 | INFO | HomePage | image name is ****** a
2026-01-23 16:27:31 | INFO | HomePage | image name is ****** a
2026-01-23 16:27:31 | INFO | HomePage | image name is ****** a
2026-01-23 16:27:31 | INFO | HomePage | image name is ****** a
2026-01-23 16:27:31 | INFO | HomePage | image name is ****** a
2026-01-23 16:27:31 | INFO | HomePage | image name is ****** motorola-Edge 7
2026-01-23 16:27:31 | INFO | HomePage | image name is ****** motorola-Edge 7
2026-01-23 16:27:31 | INFO | HomePage | image name is ****** a
2026-01-23 16:27:31 | INFO | HomePage | image name is ****** a
2026-01-23 16:27:31 | INFO | HomePage | image name is ****** i
2026-01-23 16:27:31 | INFO | HomePage | image name is ****** i
2026-01-23 16:27:31 | ERROR | fixtures.page_fixtures | Test FAILED: test_verify_home_page
2026-01-23 16:27:31 | INFO | fixtures.page_fixtures | Capturing screenshot for failed test...
2026-01-23 16:27:36 | INFO | fixtures.page_fixtures | Failure screenshot attached to Allure report
2026-01-23 16:27:36 | INFO | fixtures.page_fixtures | Page closed successfully
2026-01-23 16:27:36 | INFO | fixtures.context_fixtures | Browser context closed [Worker: main]
2026-01-23 16:27:36 | INFO | fixtures.context_fixtures | --- Context teardown completed [Worker: main] ---
2026-01-23 16:27:36 | INFO | fixtures.browser_fixtures | Closing browser session...
2026-01-23 16:28:00 | INFO | fixtures.browser_fixtures | Browser closed successfully 🧹
2026-01-23 16:28:00 | INFO | fixtures.browser_fixtures | ========== Browser Session Finished ==========
2026-01-23 16:29:31 | INFO | conftest | ========== Initiating Automation Setup ==========
2026-01-23 16:29:31 | INFO | fixtures.auth_fixtures | Auth disabled (--use-auth not provided). Running anonymous session.
2026-01-23 16:29:31 | INFO | fixtures.browser_fixtures | ========== Browser Session Setup ==========
2026-01-23 16:29:31 | INFO | fixtures.browser_fixtures | Browser type       : chromium
2026-01-23 16:29:31 | INFO | fixtures.browser_fixtures | Headless mode      : False
2026-01-23 16:29:31 | INFO | fixtures.browser_fixtures | SlowMo             : 50
2026-01-23 16:29:31 | INFO | fixtures.browser_fixtures | Channel            : chrome
2026-01-23 16:29:31 | INFO | fixtures.browser_fixtures | Using CDP          : False
2026-01-23 16:29:31 | INFO | fixtures.browser_fixtures | Launching new browser instance...
2026-01-23 16:29:32 | INFO | fixtures.browser_fixtures | New browser launched successfully ✅
2026-01-23 16:29:32 | INFO | fixtures.context_fixtures | --- Context setup started [Worker: main] ---
2026-01-23 16:29:32 | INFO | fixtures.context_fixtures | Capture HAR    : False
2026-01-23 16:29:32 | INFO | fixtures.context_fixtures | Capture Trace  : False
2026-01-23 16:29:32 | INFO | fixtures.context_fixtures | Capture Video  : False
2026-01-23 16:29:32 | INFO | fixtures.context_fixtures | Auth Enabled   : False
2026-01-23 16:29:32 | INFO | fixtures.context_fixtures | No storage_state — running anonymous session
2026-01-23 16:29:32 | INFO | fixtures.context_fixtures | Browser context created successfully
2026-01-23 16:29:32 | INFO | fixtures.context_fixtures | Cookie consent injected
2026-01-23 16:29:32 | INFO | fixtures.page_fixtures | Creating new page...
2026-01-23 16:29:33 | INFO | fixtures.page_fixtures | New page created successfully
2026-01-23 16:29:33 | INFO | fixtures.page_fixtures | Navigating to base URL: https://www.flipkart.com/
2026-01-23 16:29:46 | INFO | HomePage | Redirected to url***https://www.flipkart.com/mobile-phones-store?param=4111&fm=neo%2Fmerchandising&iid=M_94a03caa-c176-4cd4-896e-db30f025ff6e_1_X1NCR146KC29_MC.AH1NTIJZ241Z&cid=AH1NTIJZ241Z
2026-01-23 16:29:46 | INFO | HomePage | image name is ****** Flipkart
2026-01-23 16:29:46 | INFO | HomePage | image name is ****** d
2026-01-23 16:29:46 | INFO | HomePage | image name is ****** d
2026-01-23 16:29:46 | INFO | HomePage | image name is ****** d
2026-01-23 16:29:46 | INFO | HomePage | image name is ****** d
2026-01-23 16:29:46 | INFO | HomePage | image name is ****** s
2026-01-23 16:29:46 | INFO | HomePage | image name is ****** s
2026-01-23 16:29:46 | INFO | HomePage | image name is ****** d
2026-01-23 16:29:46 | INFO | HomePage | image name is ****** d
2026-01-23 16:29:46 | INFO | HomePage | image name is ****** d
2026-01-23 16:29:46 | INFO | HomePage | image name is ****** d
2026-01-23 16:29:46 | INFO | HomePage | image name is ****** q
2026-01-23 16:29:46 | INFO | HomePage | image name is ****** q
2026-01-23 16:29:46 | INFO | HomePage | image name is ****** vivo-X200T-CLP-Tsr-EB- 20th
2026-01-23 16:29:46 | INFO | HomePage | image name is ****** vivo-X200T-CLP-Tsr-EB- 20th
2026-01-23 16:29:46 | INFO | HomePage | image name is ****** a
2026-01-23 16:29:46 | INFO | HomePage | image name is ****** a
2026-01-23 16:29:46 | INFO | HomePage | image name is ****** f
2026-01-23 16:29:46 | INFO | HomePage | image name is ****** f
2026-01-23 16:29:46 | INFO | HomePage | image name is ****** d
2026-01-23 16:29:46 | INFO | HomePage | image name is ****** d
2026-01-23 16:29:46 | INFO | HomePage | image name is ****** Samsung-Galaxy S24 5G
2026-01-23 16:29:46 | INFO | HomePage | image name is ****** Samsung-Galaxy S24 5G
2026-01-23 16:29:46 | INFO | HomePage | image name is ****** 1
2026-01-23 16:29:46 | INFO | HomePage | image name is ****** 1
2026-01-23 16:29:46 | INFO | HomePage | image name is ****** Google-Pixel 9a
2026-01-23 16:29:46 | INFO | HomePage | image name is ****** Google-Pixel 9a
2026-01-23 16:29:46 | INFO | HomePage | image name is ****** Apple-iPhone 16
2026-01-23 16:29:46 | INFO | HomePage | image name is ****** Apple-iPhone 16
2026-01-23 16:29:46 | INFO | HomePage | image name is ****** sa
2026-01-23 16:29:46 | INFO | HomePage | image name is ****** sa
2026-01-23 16:29:46 | INFO | HomePage | image name is ****** 1
2026-01-23 16:29:46 | INFO | HomePage | image name is ****** 1
2026-01-23 16:29:46 | INFO | HomePage | image name is ****** s
2026-01-23 16:29:46 | INFO | HomePage | image name is ****** s
2026-01-23 16:29:46 | INFO | HomePage | image name is ****** 1
2026-01-23 16:29:46 | INFO | HomePage | image name is ****** 1
2026-01-23 16:29:46 | INFO | HomePage | image name is ****** 1
2026-01-23 16:29:46 | INFO | HomePage | image name is ****** 1
2026-01-23 16:29:46 | INFO | HomePage | image name is ****** 1
2026-01-23 16:29:46 | INFO | HomePage | image name is ****** 1
2026-01-23 16:29:46 | INFO | HomePage | image name is ****** 1
2026-01-23 16:29:46 | INFO | HomePage | image name is ****** 1
2026-01-23 16:29:46 | INFO | HomePage | image name is ****** Vivo-T4R
2026-01-23 16:29:46 | INFO | HomePage | image name is ****** Vivo-T4R
2026-01-23 16:29:46 | INFO | HomePage | image name is ****** 1
2026-01-23 16:29:46 | INFO | HomePage | image name is ****** 1
2026-01-23 16:29:46 | INFO | HomePage | image name is ****** Motorola-G96 5G
2026-01-23 16:29:46 | INFO | HomePage | image name is ****** Motorola-G96 5G
2026-01-23 16:29:46 | INFO | HomePage | image name is ****** i
2026-01-23 16:29:46 | INFO | HomePage | image name is ****** i
2026-01-23 16:29:46 | INFO | HomePage | image name is ****** 1
2026-01-23 16:29:46 | INFO | HomePage | image name is ****** 1
2026-01-23 16:29:46 | INFO | HomePage | image name is ****** 1
2026-01-23 16:29:46 | INFO | HomePage | image name is ****** 1
2026-01-23 16:29:46 | INFO | HomePage | image name is ****** Moto-G57-Power
2026-01-23 16:29:46 | INFO | HomePage | image name is ****** Moto-G57-Power
2026-01-23 16:29:46 | INFO | HomePage | image name is ****** 1
2026-01-23 16:29:46 | INFO | HomePage | image name is ****** 1
2026-01-23 16:29:46 | INFO | HomePage | image name is ****** a
2026-01-23 16:29:46 | INFO | HomePage | image name is ****** a
2026-01-23 16:29:46 | INFO | HomePage | image name is ****** vbn
2026-01-23 16:29:46 | INFO | HomePage | image name is ****** vbn
2026-01-23 16:29:46 | INFO | HomePage | image name is ****** as
2026-01-23 16:29:46 | INFO | HomePage | image name is ****** as
2026-01-23 16:29:46 | INFO | HomePage | image name is ****** q
2026-01-23 16:29:46 | INFO | HomePage | image name is ****** q
2026-01-23 16:29:46 | INFO | HomePage | image name is ****** a
2026-01-23 16:29:46 | INFO | HomePage | image name is ****** a
2026-01-23 16:29:46 | INFO | HomePage | image name is ****** a
2026-01-23 16:29:46 | INFO | HomePage | image name is ****** a
2026-01-23 16:29:46 | INFO | HomePage | image name is ****** a
2026-01-23 16:29:46 | INFO | HomePage | image name is ****** a
2026-01-23 16:29:46 | INFO | HomePage | image name is ****** a
2026-01-23 16:29:46 | INFO | HomePage | image name is ****** a
2026-01-23 16:29:46 | INFO | HomePage | image name is ****** a
2026-01-23 16:29:46 | INFO | HomePage | image name is ****** a
2026-01-23 16:29:46 | INFO | HomePage | image name is ****** motorola-Edge 7
2026-01-23 16:29:46 | INFO | HomePage | image name is ****** motorola-Edge 7
2026-01-23 16:29:46 | INFO | HomePage | image name is ****** a
2026-01-23 16:29:46 | INFO | HomePage | image name is ****** a
2026-01-23 16:29:46 | INFO | HomePage | image name is ****** i
2026-01-23 16:29:46 | INFO | HomePage | image name is ****** i
2026-01-23 16:29:46 | INFO | HomePage | Found 2 select elements
2026-01-23 16:29:46 | INFO | HomePage | Select class: hbnjE2
2026-01-23 16:29:46 | INFO | HomePage |  - Min
2026-01-23 16:29:46 | INFO | HomePage |  - ₹10000
2026-01-23 16:29:46 | INFO | HomePage |  - ₹15000
2026-01-23 16:29:46 | INFO | HomePage |  - ₹20000
2026-01-23 16:29:46 | INFO | HomePage |  - ₹30000
2026-01-23 16:29:46 | INFO | HomePage | Select class: hbnjE2
2026-01-23 16:29:46 | INFO | HomePage |  - ₹10000
2026-01-23 16:29:46 | INFO | HomePage |  - ₹15000
2026-01-23 16:29:46 | INFO | HomePage |  - ₹20000
2026-01-23 16:29:46 | INFO | HomePage |  - ₹30000
2026-01-23 16:29:46 | INFO | HomePage |  - ₹30000+
2026-01-23 16:29:46 | INFO | fixtures.page_fixtures | Test PASSED: test_verify_home_page
2026-01-23 16:29:46 | INFO | fixtures.page_fixtures | Page closed successfully
2026-01-23 16:29:46 | INFO | fixtures.context_fixtures | Browser context closed [Worker: main]
2026-01-23 16:29:46 | INFO | fixtures.context_fixtures | --- Context teardown completed [Worker: main] ---
2026-01-23 16:29:46 | INFO | fixtures.browser_fixtures | Closing browser session...
2026-01-23 16:29:46 | INFO | fixtures.browser_fixtures | Browser closed successfully 🧹
2026-01-23 16:29:46 | INFO | fixtures.browser_fixtures | ========== Browser Session Finished ==========
2026-01-23 16:32:43 | INFO | conftest | ========== Initiating Automation Setup ==========
2026-01-23 16:32:43 | INFO | fixtures.auth_fixtures | Auth disabled (--use-auth not provided). Running anonymous session.
2026-01-23 16:32:43 | INFO | fixtures.browser_fixtures | ========== Browser Session Setup ==========
2026-01-23 16:32:43 | INFO | fixtures.browser_fixtures | Browser type       : chromium
2026-01-23 16:32:43 | INFO | fixtures.browser_fixtures | Headless mode      : False
2026-01-23 16:32:43 | INFO | fixtures.browser_fixtures | SlowMo             : 50
2026-01-23 16:32:43 | INFO | fixtures.browser_fixtures | Channel            : chrome
2026-01-23 16:32:43 | INFO | fixtures.browser_fixtures | Using CDP          : False
2026-01-23 16:32:44 | INFO | fixtures.browser_fixtures | Launching new browser instance...
2026-01-23 16:32:44 | INFO | fixtures.browser_fixtures | New browser launched successfully ✅
2026-01-23 16:32:44 | INFO | fixtures.context_fixtures | --- Context setup started [Worker: main] ---
2026-01-23 16:32:44 | INFO | fixtures.context_fixtures | Capture HAR    : False
2026-01-23 16:32:44 | INFO | fixtures.context_fixtures | Capture Trace  : False
2026-01-23 16:32:44 | INFO | fixtures.context_fixtures | Capture Video  : False
2026-01-23 16:32:44 | INFO | fixtures.context_fixtures | Auth Enabled   : False
2026-01-23 16:32:44 | INFO | fixtures.context_fixtures | No storage_state — running anonymous session
2026-01-23 16:32:44 | INFO | fixtures.context_fixtures | Browser context created successfully
2026-01-23 16:32:44 | INFO | fixtures.context_fixtures | Cookie consent injected
2026-01-23 16:32:44 | INFO | fixtures.page_fixtures | Creating new page...
2026-01-23 16:32:46 | INFO | fixtures.page_fixtures | New page created successfully
2026-01-23 16:32:46 | INFO | fixtures.page_fixtures | Navigating to base URL: https://www.flipkart.com/
2026-01-23 16:33:01 | INFO | HomePage | Redirected to url***https://www.flipkart.com/mobile-phones-store?param=4111&fm=neo%2Fmerchandising&iid=M_e2c0f38d-a2e8-4c0e-bbb7-b81c4098141c_1_X1NCR146KC29_MC.AH1NTIJZ241Z&cid=AH1NTIJZ241Z
2026-01-23 16:33:01 | INFO | HomePage | image name is ****** Flipkart
2026-01-23 16:33:01 | INFO | HomePage | image name is ****** d
2026-01-23 16:33:01 | INFO | HomePage | image name is ****** d
2026-01-23 16:33:01 | INFO | HomePage | image name is ****** d
2026-01-23 16:33:01 | INFO | HomePage | image name is ****** d
2026-01-23 16:33:01 | INFO | HomePage | image name is ****** s
2026-01-23 16:33:01 | INFO | HomePage | image name is ****** s
2026-01-23 16:33:01 | INFO | HomePage | image name is ****** d
2026-01-23 16:33:01 | INFO | HomePage | image name is ****** d
2026-01-23 16:33:01 | INFO | HomePage | image name is ****** d
2026-01-23 16:33:01 | INFO | HomePage | image name is ****** d
2026-01-23 16:33:01 | INFO | HomePage | image name is ****** q
2026-01-23 16:33:01 | INFO | HomePage | image name is ****** q
2026-01-23 16:33:01 | INFO | HomePage | image name is ****** vivo-X200T-CLP-Tsr-EB- 20th
2026-01-23 16:33:01 | INFO | HomePage | image name is ****** vivo-X200T-CLP-Tsr-EB- 20th
2026-01-23 16:33:01 | INFO | HomePage | image name is ****** a
2026-01-23 16:33:01 | INFO | HomePage | image name is ****** a
2026-01-23 16:33:01 | INFO | HomePage | image name is ****** f
2026-01-23 16:33:01 | INFO | HomePage | image name is ****** f
2026-01-23 16:33:01 | INFO | HomePage | image name is ****** d
2026-01-23 16:33:01 | INFO | HomePage | image name is ****** d
2026-01-23 16:33:01 | INFO | HomePage | image name is ****** Samsung-Galaxy S24 5G
2026-01-23 16:33:01 | INFO | HomePage | image name is ****** Samsung-Galaxy S24 5G
2026-01-23 16:33:01 | INFO | HomePage | image name is ****** 1
2026-01-23 16:33:01 | INFO | HomePage | image name is ****** 1
2026-01-23 16:33:01 | INFO | HomePage | image name is ****** Google-Pixel 9a
2026-01-23 16:33:01 | INFO | HomePage | image name is ****** Google-Pixel 9a
2026-01-23 16:33:01 | INFO | HomePage | image name is ****** Apple-iPhone 16
2026-01-23 16:33:01 | INFO | HomePage | image name is ****** Apple-iPhone 16
2026-01-23 16:33:01 | INFO | HomePage | image name is ****** sa
2026-01-23 16:33:01 | INFO | HomePage | image name is ****** sa
2026-01-23 16:33:01 | INFO | HomePage | image name is ****** 1
2026-01-23 16:33:01 | INFO | HomePage | image name is ****** 1
2026-01-23 16:33:01 | INFO | HomePage | image name is ****** s
2026-01-23 16:33:01 | INFO | HomePage | image name is ****** s
2026-01-23 16:33:01 | INFO | HomePage | image name is ****** 1
2026-01-23 16:33:01 | INFO | HomePage | image name is ****** 1
2026-01-23 16:33:01 | INFO | HomePage | image name is ****** 1
2026-01-23 16:33:01 | INFO | HomePage | image name is ****** 1
2026-01-23 16:33:01 | INFO | HomePage | image name is ****** 1
2026-01-23 16:33:01 | INFO | HomePage | image name is ****** 1
2026-01-23 16:33:01 | INFO | HomePage | image name is ****** 1
2026-01-23 16:33:01 | INFO | HomePage | image name is ****** 1
2026-01-23 16:33:01 | INFO | HomePage | image name is ****** Vivo-T4R
2026-01-23 16:33:01 | INFO | HomePage | image name is ****** Vivo-T4R
2026-01-23 16:33:01 | INFO | HomePage | image name is ****** 1
2026-01-23 16:33:01 | INFO | HomePage | image name is ****** 1
2026-01-23 16:33:01 | INFO | HomePage | image name is ****** Motorola-G96 5G
2026-01-23 16:33:01 | INFO | HomePage | image name is ****** Motorola-G96 5G
2026-01-23 16:33:01 | INFO | HomePage | image name is ****** i
2026-01-23 16:33:01 | INFO | HomePage | image name is ****** i
2026-01-23 16:33:01 | INFO | HomePage | image name is ****** 1
2026-01-23 16:33:01 | INFO | HomePage | image name is ****** 1
2026-01-23 16:33:01 | INFO | HomePage | image name is ****** 1
2026-01-23 16:33:01 | INFO | HomePage | image name is ****** 1
2026-01-23 16:33:01 | INFO | HomePage | image name is ****** Moto-G57-Power
2026-01-23 16:33:01 | INFO | HomePage | image name is ****** Moto-G57-Power
2026-01-23 16:33:01 | INFO | HomePage | image name is ****** 1
2026-01-23 16:33:01 | INFO | HomePage | image name is ****** 1
2026-01-23 16:33:01 | INFO | HomePage | image name is ****** as
2026-01-23 16:33:01 | INFO | HomePage | image name is ****** as
2026-01-23 16:33:01 | INFO | HomePage | image name is ****** a
2026-01-23 16:33:01 | INFO | HomePage | image name is ****** a
2026-01-23 16:33:01 | INFO | HomePage | image name is ****** vbn
2026-01-23 16:33:01 | INFO | HomePage | image name is ****** vbn
2026-01-23 16:33:01 | INFO | HomePage | image name is ****** q
2026-01-23 16:33:01 | INFO | HomePage | image name is ****** q
2026-01-23 16:33:01 | INFO | HomePage | image name is ****** a
2026-01-23 16:33:01 | INFO | HomePage | image name is ****** a
2026-01-23 16:33:01 | INFO | HomePage | image name is ****** a
2026-01-23 16:33:01 | INFO | HomePage | image name is ****** a
2026-01-23 16:33:01 | INFO | HomePage | image name is ****** a
2026-01-23 16:33:01 | INFO | HomePage | image name is ****** a
2026-01-23 16:33:01 | INFO | HomePage | image name is ****** a
2026-01-23 16:33:01 | INFO | HomePage | image name is ****** a
2026-01-23 16:33:01 | INFO | HomePage | image name is ****** a
2026-01-23 16:33:01 | INFO | HomePage | image name is ****** a
2026-01-23 16:33:01 | INFO | HomePage | image name is ****** motorola-Edge 7
2026-01-23 16:33:01 | INFO | HomePage | image name is ****** motorola-Edge 7
2026-01-23 16:33:01 | INFO | HomePage | image name is ****** a
2026-01-23 16:33:01 | INFO | HomePage | image name is ****** a
2026-01-23 16:33:01 | INFO | HomePage | image name is ****** i
2026-01-23 16:33:01 | INFO | HomePage | image name is ****** i
2026-01-23 16:33:01 | INFO | HomePage | Found 2 select elements
2026-01-23 16:33:01 | INFO | HomePage | Select class: hbnjE2
2026-01-23 16:33:01 | INFO | HomePage |  - Min
2026-01-23 16:33:01 | INFO | HomePage |  - ₹10000
2026-01-23 16:33:01 | INFO | HomePage |  - ₹15000
2026-01-23 16:33:01 | INFO | HomePage |  - ₹20000
2026-01-23 16:33:01 | INFO | HomePage |  - ₹30000
2026-01-23 16:33:01 | INFO | HomePage | Select class: hbnjE2
2026-01-23 16:33:01 | INFO | HomePage |  - ₹10000
2026-01-23 16:33:01 | INFO | HomePage |  - ₹15000
2026-01-23 16:33:01 | INFO | HomePage |  - ₹20000
2026-01-23 16:33:01 | INFO | HomePage |  - ₹30000
2026-01-23 16:33:01 | INFO | HomePage |  - ₹30000+
2026-01-23 16:33:01 | INFO | HomePage | Found 29 Section elements
2026-01-23 16:33:01 | INFO | HomePage | Section class: JPBFuF vRd1kF
2026-01-23 16:33:01 | INFO | HomePage | Section class: EbGpCV
2026-01-23 16:33:01 | INFO | HomePage | Section class: KNnSWQ vRd1kF
2026-01-23 16:33:01 | INFO | HomePage | Section class: KNnSWQ vRd1kF
2026-01-23 16:33:01 | INFO | HomePage | Section class: KNnSWQ vRd1kF
2026-01-23 16:33:01 | INFO | HomePage | Section class: KNnSWQ vRd1kF
2026-01-23 16:33:01 | INFO | HomePage | Section class: KNnSWQ vRd1kF
2026-01-23 16:33:01 | INFO | HomePage | Section class: KNnSWQ vRd1kF
2026-01-23 16:33:01 | INFO | HomePage | Section class: KNnSWQ vRd1kF
2026-01-23 16:33:01 | INFO | HomePage | Section class: KNnSWQ vRd1kF
2026-01-23 16:33:01 | INFO | HomePage | Section class: KNnSWQ vRd1kF
2026-01-23 16:33:01 | INFO | HomePage | Section class: KNnSWQ vRd1kF
2026-01-23 16:33:01 | INFO | HomePage | Section class: KNnSWQ vRd1kF
2026-01-23 16:33:01 | INFO | HomePage | Section class: KNnSWQ vRd1kF
2026-01-23 16:33:01 | INFO | HomePage | Section class: KNnSWQ vRd1kF
2026-01-23 16:33:01 | INFO | HomePage | Section class: KNnSWQ vRd1kF
2026-01-23 16:33:01 | INFO | HomePage | Section class: KNnSWQ vRd1kF
2026-01-23 16:33:01 | INFO | HomePage | Section class: XC54e7 vRd1kF
2026-01-23 16:33:01 | INFO | HomePage |  - Min
2026-01-23 16:33:01 | INFO | HomePage |  - ₹10000
2026-01-23 16:33:01 | INFO | HomePage |  - ₹15000
2026-01-23 16:33:01 | INFO | HomePage |  - ₹20000
2026-01-23 16:33:01 | INFO | HomePage |  - ₹30000
2026-01-23 16:33:01 | INFO | HomePage |  - ₹10000
2026-01-23 16:33:01 | INFO | HomePage |  - ₹15000
2026-01-23 16:33:01 | INFO | HomePage |  - ₹20000
2026-01-23 16:33:01 | INFO | HomePage |  - ₹30000
2026-01-23 16:33:01 | INFO | HomePage |  - ₹30000+
2026-01-23 16:33:01 | INFO | HomePage | Section class: KNnSWQ vRd1kF
2026-01-23 16:33:01 | INFO | HomePage | Section class: KNnSWQ vRd1kF
2026-01-23 16:33:01 | INFO | HomePage | Section class: vRd1kF J5IblS
2026-01-23 16:33:01 | INFO | HomePage | Section class: KNnSWQ vRd1kF
2026-01-23 16:33:01 | INFO | HomePage | Section class: KNnSWQ vRd1kF
2026-01-23 16:33:01 | INFO | HomePage | Section class: KNnSWQ vRd1kF
2026-01-23 16:33:01 | INFO | HomePage | Section class: KNnSWQ vRd1kF
2026-01-23 16:33:01 | INFO | HomePage | Section class: KNnSWQ vRd1kF
2026-01-23 16:33:01 | INFO | HomePage | Section class: KNnSWQ vRd1kF
2026-01-23 16:33:01 | INFO | HomePage | Section class: YuoVnd
2026-01-23 16:33:01 | INFO | HomePage | Section class: gCRFJc
2026-01-23 16:33:01 | INFO | fixtures.page_fixtures | Test PASSED: test_verify_home_page
2026-01-23 16:33:01 | INFO | fixtures.page_fixtures | Page closed successfully
2026-01-23 16:33:01 | INFO | fixtures.context_fixtures | Browser context closed [Worker: main]
2026-01-23 16:33:01 | INFO | fixtures.context_fixtures | --- Context teardown completed [Worker: main] ---
2026-01-23 16:33:01 | INFO | fixtures.browser_fixtures | Closing browser session...
2026-01-23 16:33:02 | INFO | fixtures.browser_fixtures | Browser closed successfully 🧹
2026-01-23 16:33:02 | INFO | fixtures.browser_fixtures | ========== Browser Session Finished ==========
2026-01-23 16:35:53 | INFO | conftest | ========== Initiating Automation Setup ==========
2026-01-23 16:35:53 | INFO | fixtures.auth_fixtures | Auth disabled (--use-auth not provided). Running anonymous session.
2026-01-23 16:35:53 | INFO | fixtures.browser_fixtures | ========== Browser Session Setup ==========
2026-01-23 16:35:53 | INFO | fixtures.browser_fixtures | Browser type       : chromium
2026-01-23 16:35:53 | INFO | fixtures.browser_fixtures | Headless mode      : False
2026-01-23 16:35:53 | INFO | fixtures.browser_fixtures | SlowMo             : 50
2026-01-23 16:35:53 | INFO | fixtures.browser_fixtures | Channel            : chrome
2026-01-23 16:35:53 | INFO | fixtures.browser_fixtures | Using CDP          : False
2026-01-23 16:35:54 | INFO | fixtures.browser_fixtures | Launching new browser instance...
2026-01-23 16:35:54 | INFO | fixtures.browser_fixtures | New browser launched successfully ✅
2026-01-23 16:35:54 | INFO | fixtures.context_fixtures | --- Context setup started [Worker: main] ---
2026-01-23 16:35:54 | INFO | fixtures.context_fixtures | Capture HAR    : False
2026-01-23 16:35:54 | INFO | fixtures.context_fixtures | Capture Trace  : False
2026-01-23 16:35:54 | INFO | fixtures.context_fixtures | Capture Video  : False
2026-01-23 16:35:54 | INFO | fixtures.context_fixtures | Auth Enabled   : False
2026-01-23 16:35:54 | INFO | fixtures.context_fixtures | No storage_state — running anonymous session
2026-01-23 16:35:54 | INFO | fixtures.context_fixtures | Browser context created successfully
2026-01-23 16:35:54 | INFO | fixtures.context_fixtures | Cookie consent injected
2026-01-23 16:35:54 | INFO | fixtures.page_fixtures | Creating new page...
2026-01-23 16:35:56 | INFO | fixtures.page_fixtures | New page created successfully
2026-01-23 16:35:56 | INFO | fixtures.page_fixtures | Navigating to base URL: https://www.flipkart.com/
2026-01-23 16:36:11 | INFO | HomePage | Redirected to url***https://www.flipkart.com/mobile-phones-store?param=4111&fm=neo%2Fmerchandising&iid=M_ca8b335b-1d92-4775-863a-02cd25d3e48b_1_X1NCR146KC29_MC.AH1NTIJZ241Z&cid=AH1NTIJZ241Z
2026-01-23 16:36:11 | INFO | HomePage | image name is ****** Flipkart
2026-01-23 16:36:11 | INFO | HomePage | image name is ****** d
2026-01-23 16:36:11 | INFO | HomePage | image name is ****** d
2026-01-23 16:36:11 | INFO | HomePage | image name is ****** d
2026-01-23 16:36:11 | INFO | HomePage | image name is ****** d
2026-01-23 16:36:11 | INFO | HomePage | image name is ****** s
2026-01-23 16:36:11 | INFO | HomePage | image name is ****** s
2026-01-23 16:36:11 | INFO | HomePage | image name is ****** d
2026-01-23 16:36:11 | INFO | HomePage | image name is ****** d
2026-01-23 16:36:11 | INFO | HomePage | image name is ****** d
2026-01-23 16:36:11 | INFO | HomePage | image name is ****** d
2026-01-23 16:36:11 | INFO | HomePage | image name is ****** q
2026-01-23 16:36:11 | INFO | HomePage | image name is ****** q
2026-01-23 16:36:11 | INFO | HomePage | image name is ****** vivo-X200T-CLP-Tsr-EB- 20th
2026-01-23 16:36:11 | INFO | HomePage | image name is ****** vivo-X200T-CLP-Tsr-EB- 20th
2026-01-23 16:36:11 | INFO | HomePage | image name is ****** a
2026-01-23 16:36:11 | INFO | HomePage | image name is ****** a
2026-01-23 16:36:11 | INFO | HomePage | image name is ****** f
2026-01-23 16:36:11 | INFO | HomePage | image name is ****** f
2026-01-23 16:36:11 | INFO | HomePage | image name is ****** d
2026-01-23 16:36:11 | INFO | HomePage | image name is ****** d
2026-01-23 16:36:11 | INFO | HomePage | image name is ****** Samsung-Galaxy S24 5G
2026-01-23 16:36:11 | INFO | HomePage | image name is ****** Samsung-Galaxy S24 5G
2026-01-23 16:36:11 | INFO | HomePage | image name is ****** 1
2026-01-23 16:36:11 | INFO | HomePage | image name is ****** 1
2026-01-23 16:36:11 | INFO | HomePage | image name is ****** Google-Pixel 9a
2026-01-23 16:36:11 | INFO | HomePage | image name is ****** Google-Pixel 9a
2026-01-23 16:36:11 | INFO | HomePage | image name is ****** Apple-iPhone 16
2026-01-23 16:36:11 | INFO | HomePage | image name is ****** Apple-iPhone 16
2026-01-23 16:36:11 | INFO | HomePage | image name is ****** sa
2026-01-23 16:36:11 | INFO | HomePage | image name is ****** sa
2026-01-23 16:36:11 | INFO | HomePage | image name is ****** 1
2026-01-23 16:36:11 | INFO | HomePage | image name is ****** 1
2026-01-23 16:36:11 | INFO | HomePage | image name is ****** s
2026-01-23 16:36:11 | INFO | HomePage | image name is ****** s
2026-01-23 16:36:11 | INFO | HomePage | image name is ****** 1
2026-01-23 16:36:11 | INFO | HomePage | image name is ****** 1
2026-01-23 16:36:11 | INFO | HomePage | image name is ****** 1
2026-01-23 16:36:11 | INFO | HomePage | image name is ****** 1
2026-01-23 16:36:11 | INFO | HomePage | image name is ****** 1
2026-01-23 16:36:11 | INFO | HomePage | image name is ****** 1
2026-01-23 16:36:11 | INFO | HomePage | image name is ****** 1
2026-01-23 16:36:11 | INFO | HomePage | image name is ****** 1
2026-01-23 16:36:11 | INFO | HomePage | image name is ****** Vivo-T4R
2026-01-23 16:36:11 | INFO | HomePage | image name is ****** Vivo-T4R
2026-01-23 16:36:11 | INFO | HomePage | image name is ****** 1
2026-01-23 16:36:11 | INFO | HomePage | image name is ****** 1
2026-01-23 16:36:11 | INFO | HomePage | image name is ****** Motorola-G96 5G
2026-01-23 16:36:11 | INFO | HomePage | image name is ****** Motorola-G96 5G
2026-01-23 16:36:11 | INFO | HomePage | image name is ****** i
2026-01-23 16:36:11 | INFO | HomePage | image name is ****** i
2026-01-23 16:36:11 | INFO | HomePage | image name is ****** 1
2026-01-23 16:36:11 | INFO | HomePage | image name is ****** 1
2026-01-23 16:36:11 | INFO | HomePage | image name is ****** 1
2026-01-23 16:36:11 | INFO | HomePage | image name is ****** 1
2026-01-23 16:36:11 | INFO | HomePage | image name is ****** Moto-G57-Power
2026-01-23 16:36:11 | INFO | HomePage | image name is ****** Moto-G57-Power
2026-01-23 16:36:11 | INFO | HomePage | image name is ****** 1
2026-01-23 16:36:11 | INFO | HomePage | image name is ****** 1
2026-01-23 16:36:11 | INFO | HomePage | image name is ****** vbn
2026-01-23 16:36:11 | INFO | HomePage | image name is ****** vbn
2026-01-23 16:36:11 | INFO | HomePage | image name is ****** a
2026-01-23 16:36:11 | INFO | HomePage | image name is ****** a
2026-01-23 16:36:11 | INFO | HomePage | image name is ****** as
2026-01-23 16:36:11 | INFO | HomePage | image name is ****** as
2026-01-23 16:36:11 | INFO | HomePage | image name is ****** q
2026-01-23 16:36:11 | INFO | HomePage | image name is ****** q
2026-01-23 16:36:11 | INFO | HomePage | image name is ****** a
2026-01-23 16:36:11 | INFO | HomePage | image name is ****** a
2026-01-23 16:36:11 | INFO | HomePage | image name is ****** a
2026-01-23 16:36:11 | INFO | HomePage | image name is ****** a
2026-01-23 16:36:11 | INFO | HomePage | image name is ****** a
2026-01-23 16:36:11 | INFO | HomePage | image name is ****** a
2026-01-23 16:36:11 | INFO | HomePage | image name is ****** a
2026-01-23 16:36:11 | INFO | HomePage | image name is ****** a
2026-01-23 16:36:11 | INFO | HomePage | image name is ****** a
2026-01-23 16:36:11 | INFO | HomePage | image name is ****** a
2026-01-23 16:36:11 | INFO | HomePage | image name is ****** motorola-Edge 7
2026-01-23 16:36:11 | INFO | HomePage | image name is ****** motorola-Edge 7
2026-01-23 16:36:11 | INFO | HomePage | image name is ****** a
2026-01-23 16:36:11 | INFO | HomePage | image name is ****** a
2026-01-23 16:36:11 | INFO | HomePage | image name is ****** i
2026-01-23 16:36:11 | INFO | HomePage | image name is ****** i
2026-01-23 16:36:11 | INFO | HomePage | Found 2 select elements
2026-01-23 16:36:11 | INFO | HomePage | Select class: hbnjE2
2026-01-23 16:36:11 | INFO | HomePage |  - Min
2026-01-23 16:36:11 | INFO | HomePage |  - ₹10000
2026-01-23 16:36:11 | INFO | HomePage |  - ₹15000
2026-01-23 16:36:11 | INFO | HomePage |  - ₹20000
2026-01-23 16:36:11 | INFO | HomePage |  - ₹30000
2026-01-23 16:36:11 | INFO | HomePage | Select class: hbnjE2
2026-01-23 16:36:11 | INFO | HomePage |  - ₹10000
2026-01-23 16:36:11 | INFO | HomePage |  - ₹15000
2026-01-23 16:36:11 | INFO | HomePage |  - ₹20000
2026-01-23 16:36:11 | INFO | HomePage |  - ₹30000
2026-01-23 16:36:11 | INFO | HomePage |  - ₹30000+
2026-01-23 16:36:11 | INFO | HomePage | Found 29 Section elements
2026-01-23 16:36:11 | INFO | HomePage | Section class: JPBFuF vRd1kF
2026-01-23 16:36:11 | ERROR | fixtures.page_fixtures | Test FAILED: test_verify_home_page
2026-01-23 16:36:11 | INFO | fixtures.page_fixtures | Capturing screenshot for failed test...
2026-01-23 16:36:16 | INFO | fixtures.page_fixtures | Failure screenshot attached to Allure report
2026-01-23 16:36:16 | INFO | fixtures.page_fixtures | Page closed successfully
2026-01-23 16:36:16 | INFO | fixtures.context_fixtures | Browser context closed [Worker: main]
2026-01-23 16:36:16 | INFO | fixtures.context_fixtures | --- Context teardown completed [Worker: main] ---
2026-01-23 16:36:16 | INFO | fixtures.browser_fixtures | Closing browser session...
2026-01-23 16:36:42 | INFO | fixtures.browser_fixtures | Browser closed successfully 🧹
2026-01-23 16:36:42 | INFO | fixtures.browser_fixtures | ========== Browser Session Finished ==========
2026-01-23 16:39:08 | INFO | conftest | ========== Initiating Automation Setup ==========
2026-01-23 16:39:08 | INFO | fixtures.auth_fixtures | Auth disabled (--use-auth not provided). Running anonymous session.
2026-01-23 16:39:08 | INFO | fixtures.browser_fixtures | ========== Browser Session Setup ==========
2026-01-23 16:39:08 | INFO | fixtures.browser_fixtures | Browser type       : chromium
2026-01-23 16:39:08 | INFO | fixtures.browser_fixtures | Headless mode      : False
2026-01-23 16:39:08 | INFO | fixtures.browser_fixtures | SlowMo             : 50
2026-01-23 16:39:08 | INFO | fixtures.browser_fixtures | Channel            : chrome
2026-01-23 16:39:08 | INFO | fixtures.browser_fixtures | Using CDP          : False
2026-01-23 16:39:08 | INFO | fixtures.browser_fixtures | Launching new browser instance...
2026-01-23 16:39:09 | INFO | fixtures.browser_fixtures | New browser launched successfully ✅
2026-01-23 16:39:09 | INFO | fixtures.context_fixtures | --- Context setup started [Worker: main] ---
2026-01-23 16:39:09 | INFO | fixtures.context_fixtures | Capture HAR    : False
2026-01-23 16:39:09 | INFO | fixtures.context_fixtures | Capture Trace  : False
2026-01-23 16:39:09 | INFO | fixtures.context_fixtures | Capture Video  : False
2026-01-23 16:39:09 | INFO | fixtures.context_fixtures | Auth Enabled   : False
2026-01-23 16:39:09 | INFO | fixtures.context_fixtures | No storage_state — running anonymous session
2026-01-23 16:39:09 | INFO | fixtures.context_fixtures | Browser context created successfully
2026-01-23 16:39:09 | INFO | fixtures.context_fixtures | Cookie consent injected
2026-01-23 16:39:09 | INFO | fixtures.page_fixtures | Creating new page...
2026-01-23 16:39:10 | INFO | fixtures.page_fixtures | New page created successfully
2026-01-23 16:39:10 | INFO | fixtures.page_fixtures | Navigating to base URL: https://www.flipkart.com/
2026-01-23 16:39:23 | INFO | HomePage | Redirected to url***https://www.flipkart.com/mobile-phones-store?param=4111&fm=neo%2Fmerchandising&iid=M_7983c754-7ad5-4c69-abb2-33a48431ad20_1_X1NCR146KC29_MC.AH1NTIJZ241Z&cid=AH1NTIJZ241Z
2026-01-23 16:39:23 | INFO | HomePage | image name is ****** Flipkart
2026-01-23 16:39:23 | INFO | HomePage | image name is ****** d
2026-01-23 16:39:23 | INFO | HomePage | image name is ****** d
2026-01-23 16:39:23 | INFO | HomePage | image name is ****** d
2026-01-23 16:39:23 | INFO | HomePage | image name is ****** d
2026-01-23 16:39:23 | INFO | HomePage | image name is ****** s
2026-01-23 16:39:23 | INFO | HomePage | image name is ****** s
2026-01-23 16:39:23 | INFO | HomePage | image name is ****** d
2026-01-23 16:39:23 | INFO | HomePage | image name is ****** d
2026-01-23 16:39:23 | INFO | HomePage | image name is ****** d
2026-01-23 16:39:23 | INFO | HomePage | image name is ****** d
2026-01-23 16:39:23 | INFO | HomePage | image name is ****** q
2026-01-23 16:39:23 | INFO | HomePage | image name is ****** q
2026-01-23 16:39:23 | INFO | HomePage | image name is ****** vivo-X200T-CLP-Tsr-EB- 20th
2026-01-23 16:39:23 | INFO | HomePage | image name is ****** vivo-X200T-CLP-Tsr-EB- 20th
2026-01-23 16:39:23 | INFO | HomePage | image name is ****** a
2026-01-23 16:39:23 | INFO | HomePage | image name is ****** a
2026-01-23 16:39:23 | INFO | HomePage | image name is ****** f
2026-01-23 16:39:23 | INFO | HomePage | image name is ****** f
2026-01-23 16:39:23 | INFO | HomePage | image name is ****** d
2026-01-23 16:39:23 | INFO | HomePage | image name is ****** d
2026-01-23 16:39:23 | INFO | HomePage | image name is ****** Samsung-Galaxy S24 5G
2026-01-23 16:39:23 | INFO | HomePage | image name is ****** Samsung-Galaxy S24 5G
2026-01-23 16:39:23 | INFO | HomePage | image name is ****** 1
2026-01-23 16:39:23 | INFO | HomePage | image name is ****** 1
2026-01-23 16:39:23 | INFO | HomePage | image name is ****** Google-Pixel 9a
2026-01-23 16:39:23 | INFO | HomePage | image name is ****** Google-Pixel 9a
2026-01-23 16:39:23 | INFO | HomePage | image name is ****** Apple-iPhone 16
2026-01-23 16:39:23 | INFO | HomePage | image name is ****** Apple-iPhone 16
2026-01-23 16:39:23 | INFO | HomePage | image name is ****** sa
2026-01-23 16:39:23 | INFO | HomePage | image name is ****** sa
2026-01-23 16:39:23 | INFO | HomePage | image name is ****** 1
2026-01-23 16:39:23 | INFO | HomePage | image name is ****** 1
2026-01-23 16:39:23 | INFO | HomePage | image name is ****** s
2026-01-23 16:39:23 | INFO | HomePage | image name is ****** s
2026-01-23 16:39:23 | INFO | HomePage | image name is ****** 1
2026-01-23 16:39:23 | INFO | HomePage | image name is ****** 1
2026-01-23 16:39:23 | INFO | HomePage | image name is ****** 1
2026-01-23 16:39:23 | INFO | HomePage | image name is ****** 1
2026-01-23 16:39:23 | INFO | HomePage | image name is ****** 1
2026-01-23 16:39:23 | INFO | HomePage | image name is ****** 1
2026-01-23 16:39:23 | INFO | HomePage | image name is ****** 1
2026-01-23 16:39:24 | INFO | HomePage | image name is ****** 1
2026-01-23 16:39:24 | INFO | HomePage | image name is ****** Vivo-T4R
2026-01-23 16:39:24 | INFO | HomePage | image name is ****** Vivo-T4R
2026-01-23 16:39:24 | INFO | HomePage | image name is ****** 1
2026-01-23 16:39:24 | INFO | HomePage | image name is ****** 1
2026-01-23 16:39:24 | INFO | HomePage | image name is ****** Motorola-G96 5G
2026-01-23 16:39:24 | INFO | HomePage | image name is ****** Motorola-G96 5G
2026-01-23 16:39:24 | INFO | HomePage | image name is ****** i
2026-01-23 16:39:24 | INFO | HomePage | image name is ****** i
2026-01-23 16:39:24 | INFO | HomePage | image name is ****** 1
2026-01-23 16:39:24 | INFO | HomePage | image name is ****** 1
2026-01-23 16:39:24 | INFO | HomePage | image name is ****** 1
2026-01-23 16:39:24 | INFO | HomePage | image name is ****** 1
2026-01-23 16:39:24 | INFO | HomePage | image name is ****** Moto-G57-Power
2026-01-23 16:39:24 | INFO | HomePage | image name is ****** Moto-G57-Power
2026-01-23 16:39:24 | INFO | HomePage | image name is ****** 1
2026-01-23 16:39:24 | INFO | HomePage | image name is ****** 1
2026-01-23 16:39:24 | INFO | HomePage | image name is ****** vbn
2026-01-23 16:39:24 | INFO | HomePage | image name is ****** vbn
2026-01-23 16:39:24 | INFO | HomePage | image name is ****** a
2026-01-23 16:39:24 | INFO | HomePage | image name is ****** a
2026-01-23 16:39:24 | INFO | HomePage | image name is ****** as
2026-01-23 16:39:24 | INFO | HomePage | image name is ****** as
2026-01-23 16:39:24 | INFO | HomePage | image name is ****** q
2026-01-23 16:39:24 | INFO | HomePage | image name is ****** q
2026-01-23 16:39:24 | INFO | HomePage | image name is ****** a
2026-01-23 16:39:24 | INFO | HomePage | image name is ****** a
2026-01-23 16:39:24 | INFO | HomePage | image name is ****** a
2026-01-23 16:39:24 | INFO | HomePage | image name is ****** a
2026-01-23 16:39:24 | INFO | HomePage | image name is ****** a
2026-01-23 16:39:24 | INFO | HomePage | image name is ****** a
2026-01-23 16:39:24 | INFO | HomePage | image name is ****** a
2026-01-23 16:39:24 | INFO | HomePage | image name is ****** a
2026-01-23 16:39:24 | INFO | HomePage | image name is ****** a
2026-01-23 16:39:24 | INFO | HomePage | image name is ****** a
2026-01-23 16:39:24 | INFO | HomePage | image name is ****** motorola-Edge 7
2026-01-23 16:39:24 | INFO | HomePage | image name is ****** motorola-Edge 7
2026-01-23 16:39:24 | INFO | HomePage | image name is ****** a
2026-01-23 16:39:24 | INFO | HomePage | image name is ****** a
2026-01-23 16:39:24 | INFO | HomePage | image name is ****** i
2026-01-23 16:39:24 | INFO | HomePage | image name is ****** i
2026-01-23 16:39:24 | INFO | HomePage | Found 2 select elements
2026-01-23 16:39:24 | INFO | HomePage | Select class: hbnjE2
2026-01-23 16:39:24 | INFO | HomePage |  - Min
2026-01-23 16:39:24 | INFO | HomePage |  - ₹10000
2026-01-23 16:39:24 | INFO | HomePage |  - ₹15000
2026-01-23 16:39:24 | INFO | HomePage |  - ₹20000
2026-01-23 16:39:24 | INFO | HomePage |  - ₹30000
2026-01-23 16:39:24 | INFO | HomePage | Select class: hbnjE2
2026-01-23 16:39:24 | INFO | HomePage |  - ₹10000
2026-01-23 16:39:24 | INFO | HomePage |  - ₹15000
2026-01-23 16:39:24 | INFO | HomePage |  - ₹20000
2026-01-23 16:39:24 | INFO | HomePage |  - ₹30000
2026-01-23 16:39:24 | INFO | HomePage |  - ₹30000+
2026-01-23 16:39:24 | INFO | HomePage | Found 29 Section elements
2026-01-23 16:39:24 | INFO | HomePage | 
--- Section 1 ---
2026-01-23 16:39:24 | INFO | HomePage | Filters
2026-01-23 16:39:24 | INFO | HomePage | Section class: JPBFuF vRd1kF
2026-01-23 16:39:24 | ERROR | fixtures.page_fixtures | Test FAILED: test_verify_home_page
2026-01-23 16:39:24 | INFO | fixtures.page_fixtures | Capturing screenshot for failed test...
2026-01-23 16:39:28 | INFO | fixtures.page_fixtures | Failure screenshot attached to Allure report
2026-01-23 16:39:29 | INFO | fixtures.page_fixtures | Page closed successfully
2026-01-23 16:39:29 | INFO | fixtures.context_fixtures | Browser context closed [Worker: main]
2026-01-23 16:39:29 | INFO | fixtures.context_fixtures | --- Context teardown completed [Worker: main] ---
2026-01-23 16:39:29 | INFO | fixtures.browser_fixtures | Closing browser session...
2026-01-23 16:39:55 | INFO | fixtures.browser_fixtures | Browser closed successfully 🧹
2026-01-23 16:39:55 | INFO | fixtures.browser_fixtures | ========== Browser Session Finished ==========
2026-01-23 16:40:39 | INFO | conftest | ========== Initiating Automation Setup ==========
2026-01-23 16:40:39 | INFO | fixtures.auth_fixtures | Auth disabled (--use-auth not provided). Running anonymous session.
2026-01-23 16:40:39 | INFO | fixtures.browser_fixtures | ========== Browser Session Setup ==========
2026-01-23 16:40:39 | INFO | fixtures.browser_fixtures | Browser type       : chromium
2026-01-23 16:40:39 | INFO | fixtures.browser_fixtures | Headless mode      : False
2026-01-23 16:40:39 | INFO | fixtures.browser_fixtures | SlowMo             : 50
2026-01-23 16:40:39 | INFO | fixtures.browser_fixtures | Channel            : chrome
2026-01-23 16:40:39 | INFO | fixtures.browser_fixtures | Using CDP          : False
2026-01-23 16:40:39 | INFO | fixtures.browser_fixtures | Launching new browser instance...
2026-01-23 16:40:40 | INFO | fixtures.browser_fixtures | New browser launched successfully ✅
2026-01-23 16:40:40 | INFO | fixtures.context_fixtures | --- Context setup started [Worker: main] ---
2026-01-23 16:40:40 | INFO | fixtures.context_fixtures | Capture HAR    : False
2026-01-23 16:40:40 | INFO | fixtures.context_fixtures | Capture Trace  : False
2026-01-23 16:40:40 | INFO | fixtures.context_fixtures | Capture Video  : False
2026-01-23 16:40:40 | INFO | fixtures.context_fixtures | Auth Enabled   : False
2026-01-23 16:40:40 | INFO | fixtures.context_fixtures | No storage_state — running anonymous session
2026-01-23 16:40:40 | INFO | fixtures.context_fixtures | Browser context created successfully
2026-01-23 16:40:40 | INFO | fixtures.context_fixtures | Cookie consent injected
2026-01-23 16:40:40 | INFO | fixtures.page_fixtures | Creating new page...
2026-01-23 16:40:41 | INFO | fixtures.page_fixtures | New page created successfully
2026-01-23 16:40:41 | INFO | fixtures.page_fixtures | Navigating to base URL: https://www.flipkart.com/
2026-01-23 16:40:57 | INFO | HomePage | Redirected to url***https://www.flipkart.com/mobile-phones-store?param=4111&fm=neo%2Fmerchandising&iid=M_d4157357-b1dd-4c33-9474-2fabfd574aac_1_X1NCR146KC29_MC.AH1NTIJZ241Z&cid=AH1NTIJZ241Z
2026-01-23 16:40:57 | INFO | HomePage | image name is ****** Flipkart
2026-01-23 16:40:57 | INFO | HomePage | image name is ****** d
2026-01-23 16:40:57 | INFO | HomePage | image name is ****** d
2026-01-23 16:40:57 | INFO | HomePage | image name is ****** d
2026-01-23 16:40:57 | INFO | HomePage | image name is ****** d
2026-01-23 16:40:57 | INFO | HomePage | image name is ****** s
2026-01-23 16:40:57 | INFO | HomePage | image name is ****** s
2026-01-23 16:40:57 | INFO | HomePage | image name is ****** d
2026-01-23 16:40:57 | INFO | HomePage | image name is ****** d
2026-01-23 16:40:57 | INFO | HomePage | image name is ****** d
2026-01-23 16:40:57 | INFO | HomePage | image name is ****** d
2026-01-23 16:40:57 | INFO | HomePage | image name is ****** q
2026-01-23 16:40:57 | INFO | HomePage | image name is ****** q
2026-01-23 16:40:57 | INFO | HomePage | image name is ****** vivo-X200T-CLP-Tsr-EB- 20th
2026-01-23 16:40:57 | INFO | HomePage | image name is ****** vivo-X200T-CLP-Tsr-EB- 20th
2026-01-23 16:40:57 | INFO | HomePage | image name is ****** a
2026-01-23 16:40:57 | INFO | HomePage | image name is ****** a
2026-01-23 16:40:57 | INFO | HomePage | image name is ****** f
2026-01-23 16:40:57 | INFO | HomePage | image name is ****** f
2026-01-23 16:40:57 | INFO | HomePage | image name is ****** d
2026-01-23 16:40:57 | INFO | HomePage | image name is ****** d
2026-01-23 16:40:57 | INFO | HomePage | image name is ****** Samsung-Galaxy S24 5G
2026-01-23 16:40:57 | INFO | HomePage | image name is ****** Samsung-Galaxy S24 5G
2026-01-23 16:40:57 | INFO | HomePage | image name is ****** 1
2026-01-23 16:40:57 | INFO | HomePage | image name is ****** 1
2026-01-23 16:40:57 | INFO | HomePage | image name is ****** Google-Pixel 9a
2026-01-23 16:40:57 | INFO | HomePage | image name is ****** Google-Pixel 9a
2026-01-23 16:40:57 | INFO | HomePage | image name is ****** Apple-iPhone 16
2026-01-23 16:40:57 | INFO | HomePage | image name is ****** Apple-iPhone 16
2026-01-23 16:40:57 | INFO | HomePage | image name is ****** sa
2026-01-23 16:40:57 | INFO | HomePage | image name is ****** sa
2026-01-23 16:40:57 | INFO | HomePage | image name is ****** 1
2026-01-23 16:40:57 | INFO | HomePage | image name is ****** 1
2026-01-23 16:40:57 | INFO | HomePage | image name is ****** s
2026-01-23 16:40:57 | INFO | HomePage | image name is ****** s
2026-01-23 16:40:57 | INFO | HomePage | image name is ****** 1
2026-01-23 16:40:57 | INFO | HomePage | image name is ****** 1
2026-01-23 16:40:57 | INFO | HomePage | image name is ****** 1
2026-01-23 16:40:57 | INFO | HomePage | image name is ****** 1
2026-01-23 16:40:57 | INFO | HomePage | image name is ****** 1
2026-01-23 16:40:57 | INFO | HomePage | image name is ****** 1
2026-01-23 16:40:57 | INFO | HomePage | image name is ****** 1
2026-01-23 16:40:57 | INFO | HomePage | image name is ****** 1
2026-01-23 16:40:57 | INFO | HomePage | image name is ****** Vivo-T4R
2026-01-23 16:40:57 | INFO | HomePage | image name is ****** Vivo-T4R
2026-01-23 16:40:57 | INFO | HomePage | image name is ****** 1
2026-01-23 16:40:57 | INFO | HomePage | image name is ****** 1
2026-01-23 16:40:57 | INFO | HomePage | image name is ****** Motorola-G96 5G
2026-01-23 16:40:57 | INFO | HomePage | image name is ****** Motorola-G96 5G
2026-01-23 16:40:57 | INFO | HomePage | image name is ****** i
2026-01-23 16:40:57 | INFO | HomePage | image name is ****** i
2026-01-23 16:40:57 | INFO | HomePage | image name is ****** 1
2026-01-23 16:40:57 | INFO | HomePage | image name is ****** 1
2026-01-23 16:40:57 | INFO | HomePage | image name is ****** 1
2026-01-23 16:40:57 | INFO | HomePage | image name is ****** 1
2026-01-23 16:40:57 | INFO | HomePage | image name is ****** Moto-G57-Power
2026-01-23 16:40:57 | INFO | HomePage | image name is ****** Moto-G57-Power
2026-01-23 16:40:57 | INFO | HomePage | image name is ****** 1
2026-01-23 16:40:57 | INFO | HomePage | image name is ****** 1
2026-01-23 16:40:57 | INFO | HomePage | image name is ****** vbn
2026-01-23 16:40:57 | INFO | HomePage | image name is ****** vbn
2026-01-23 16:40:57 | INFO | HomePage | image name is ****** as
2026-01-23 16:40:57 | INFO | HomePage | image name is ****** as
2026-01-23 16:40:57 | INFO | HomePage | image name is ****** a
2026-01-23 16:40:57 | INFO | HomePage | image name is ****** a
2026-01-23 16:40:57 | INFO | HomePage | image name is ****** q
2026-01-23 16:40:57 | INFO | HomePage | image name is ****** q
2026-01-23 16:40:57 | INFO | HomePage | image name is ****** a
2026-01-23 16:40:57 | INFO | HomePage | image name is ****** a
2026-01-23 16:40:57 | INFO | HomePage | image name is ****** a
2026-01-23 16:40:57 | INFO | HomePage | image name is ****** a
2026-01-23 16:40:57 | INFO | HomePage | image name is ****** a
2026-01-23 16:40:57 | INFO | HomePage | image name is ****** a
2026-01-23 16:40:57 | INFO | HomePage | image name is ****** a
2026-01-23 16:40:57 | INFO | HomePage | image name is ****** a
2026-01-23 16:40:57 | INFO | HomePage | image name is ****** a
2026-01-23 16:40:57 | INFO | HomePage | image name is ****** a
2026-01-23 16:40:57 | INFO | HomePage | image name is ****** motorola-Edge 7
2026-01-23 16:40:57 | INFO | HomePage | image name is ****** motorola-Edge 7
2026-01-23 16:40:57 | INFO | HomePage | image name is ****** a
2026-01-23 16:40:57 | INFO | HomePage | image name is ****** a
2026-01-23 16:40:57 | INFO | HomePage | image name is ****** i
2026-01-23 16:40:57 | INFO | HomePage | image name is ****** i
2026-01-23 16:40:57 | INFO | HomePage | Found 2 select elements
2026-01-23 16:40:57 | INFO | HomePage | Select class: hbnjE2
2026-01-23 16:40:57 | INFO | HomePage |  - Min
2026-01-23 16:40:57 | INFO | HomePage |  - ₹10000
2026-01-23 16:40:57 | INFO | HomePage |  - ₹15000
2026-01-23 16:40:57 | INFO | HomePage |  - ₹20000
2026-01-23 16:40:57 | INFO | HomePage |  - ₹30000
2026-01-23 16:40:57 | INFO | HomePage | Select class: hbnjE2
2026-01-23 16:40:57 | INFO | HomePage |  - ₹10000
2026-01-23 16:40:57 | INFO | HomePage |  - ₹15000
2026-01-23 16:40:57 | INFO | HomePage |  - ₹20000
2026-01-23 16:40:57 | INFO | HomePage |  - ₹30000
2026-01-23 16:40:57 | INFO | HomePage |  - ₹30000+
2026-01-23 16:40:57 | INFO | HomePage | Found 29 Section elements
2026-01-23 16:40:57 | INFO | HomePage | 
--- Section 1 ---
2026-01-23 16:40:57 | INFO | HomePage | Filters
2026-01-23 16:40:57 | INFO | HomePage | Section class: JPBFuF vRd1kF
2026-01-23 16:40:57 | INFO | HomePage |  - <coroutine object Locator.text_content at 0x1033e3d30>
2026-01-23 16:40:57 | INFO | HomePage | 
--- Section 2 ---
2026-01-23 16:40:57 | INFO | HomePage | CATEGORIESMobiles & AccessoriesMobiles
2026-01-23 16:40:57 | INFO | HomePage | Section class: EbGpCV
2026-01-23 16:40:57 | INFO | HomePage |  - <coroutine object Locator.text_content at 0x1041f8310>
2026-01-23 16:40:57 | INFO | HomePage | 
--- Section 3 ---
2026-01-23 16:40:57 | INFO | HomePage | BrandAppleGoogleMOTOROLAvivoOPPOInfinix137 MORE
2026-01-23 16:40:57 | INFO | HomePage | Section class: KNnSWQ vRd1kF
2026-01-23 16:40:57 | INFO | HomePage |  - <coroutine object Locator.text_content at 0x1041f8310>
2026-01-23 16:40:57 | INFO | HomePage | 
--- Section 4 ---
2026-01-23 16:40:57 | INFO | HomePage | RAM4 GB3 GB2 GB1GB and Below8 GB and Above6 GB
2026-01-23 16:40:57 | INFO | HomePage | Section class: KNnSWQ vRd1kF
2026-01-23 16:40:57 | INFO | HomePage |  - <coroutine object Locator.text_content at 0x1041f8310>
2026-01-23 16:40:57 | INFO | HomePage | 
--- Section 5 ---
2026-01-23 16:40:57 | INFO | HomePage | Network Type
2026-01-23 16:40:57 | INFO | HomePage | Section class: KNnSWQ vRd1kF
2026-01-23 16:40:57 | INFO | HomePage |  - <coroutine object Locator.text_content at 0x1041f8310>
2026-01-23 16:40:57 | INFO | HomePage | 
--- Section 6 ---
2026-01-23 16:40:57 | INFO | HomePage | Internal Storage
2026-01-23 16:40:57 | INFO | HomePage | Section class: KNnSWQ vRd1kF
2026-01-23 16:40:57 | INFO | HomePage |  - <coroutine object Locator.text_content at 0x1041f8310>
2026-01-23 16:40:57 | INFO | HomePage | 
--- Section 7 ---
2026-01-23 16:40:57 | INFO | HomePage | Type
2026-01-23 16:40:57 | INFO | HomePage | Section class: KNnSWQ vRd1kF
2026-01-23 16:40:57 | INFO | HomePage |  - <coroutine object Locator.text_content at 0x1033e2d40>
2026-01-23 16:40:57 | INFO | HomePage | 
--- Section 8 ---
2026-01-23 16:40:57 | INFO | HomePage | Processor Brand
2026-01-23 16:40:57 | INFO | HomePage | Section class: KNnSWQ vRd1kF
2026-01-23 16:40:57 | INFO | HomePage |  - <coroutine object Locator.text_content at 0x1033e2d40>
2026-01-23 16:40:57 | INFO | HomePage | 
--- Section 9 ---
2026-01-23 16:40:57 | INFO | HomePage | Clock Speed
2026-01-23 16:40:57 | INFO | HomePage | Section class: KNnSWQ vRd1kF
2026-01-23 16:40:57 | INFO | HomePage |  - <coroutine object Locator.text_content at 0x1033e2d40>
2026-01-23 16:40:57 | INFO | HomePage | 
--- Section 10 ---
2026-01-23 16:40:57 | INFO | HomePage | Operating System
2026-01-23 16:40:57 | INFO | HomePage | Section class: KNnSWQ vRd1kF
2026-01-23 16:40:57 | INFO | HomePage |  - <coroutine object Locator.text_content at 0x1033e2d40>
2026-01-23 16:40:57 | INFO | HomePage | 
--- Section 11 ---
2026-01-23 16:40:57 | INFO | HomePage | Battery Capacity
2026-01-23 16:40:57 | INFO | HomePage | Section class: KNnSWQ vRd1kF
2026-01-23 16:40:57 | INFO | HomePage |  - <coroutine object Locator.text_content at 0x1033e2d40>
2026-01-23 16:40:57 | INFO | HomePage | 
--- Section 12 ---
2026-01-23 16:40:57 | INFO | HomePage | Speciality
2026-01-23 16:40:57 | INFO | HomePage | Section class: KNnSWQ vRd1kF
2026-01-23 16:40:57 | INFO | HomePage |  - <coroutine object Locator.text_content at 0x1033e2d40>
2026-01-23 16:40:57 | INFO | HomePage | 
--- Section 13 ---
2026-01-23 16:40:57 | INFO | HomePage | Resolution Type
2026-01-23 16:40:57 | INFO | HomePage | Section class: KNnSWQ vRd1kF
2026-01-23 16:40:57 | INFO | HomePage |  - <coroutine object Locator.text_content at 0x1033e2d40>
2026-01-23 16:40:57 | INFO | HomePage | 
--- Section 14 ---
2026-01-23 16:40:57 | INFO | HomePage | Sim Type
2026-01-23 16:40:57 | INFO | HomePage | Section class: KNnSWQ vRd1kF
2026-01-23 16:40:57 | INFO | HomePage |  - <coroutine object Locator.text_content at 0x1033e2d40>
2026-01-23 16:40:57 | INFO | HomePage | 
--- Section 15 ---
2026-01-23 16:40:57 | INFO | HomePage | Screen Size
2026-01-23 16:40:57 | INFO | HomePage | Section class: KNnSWQ vRd1kF
2026-01-23 16:40:57 | INFO | HomePage |  - <coroutine object Locator.text_content at 0x1033e2d40>
2026-01-23 16:40:57 | INFO | HomePage | 
--- Section 16 ---
2026-01-23 16:40:57 | INFO | HomePage | Operating System Version Name
2026-01-23 16:40:57 | INFO | HomePage | Section class: KNnSWQ vRd1kF
2026-01-23 16:40:57 | INFO | HomePage |  - <coroutine object Locator.text_content at 0x1033e2d40>
2026-01-23 16:40:57 | INFO | HomePage | 
--- Section 17 ---
2026-01-23 16:40:57 | INFO | HomePage | Number of Cores
2026-01-23 16:40:57 | INFO | HomePage | Section class: KNnSWQ vRd1kF
2026-01-23 16:40:57 | INFO | HomePage |  - <coroutine object Locator.text_content at 0x1033e2d40>
2026-01-23 16:40:57 | INFO | HomePage | 
--- Section 18 ---
2026-01-23 16:40:57 | INFO | HomePage | Price......Min₹10000₹15000₹20000₹30000to₹10000₹15000₹20000₹30000₹30000+
2026-01-23 16:40:57 | INFO | HomePage | Section class: XC54e7 vRd1kF
2026-01-23 16:40:57 | INFO | HomePage |  - <coroutine object Locator.text_content at 0x1033e2d40>
2026-01-23 16:40:57 | INFO | HomePage | 
--- Section 19 ---
2026-01-23 16:40:57 | INFO | HomePage | Discount50% or more40% or more30% or more20% or more10% or more
2026-01-23 16:40:57 | INFO | HomePage | Section class: KNnSWQ vRd1kF
2026-01-23 16:40:57 | INFO | HomePage |  - <coroutine object Locator.text_content at 0x1033e2d40>
2026-01-23 16:40:57 | INFO | HomePage | 
--- Section 20 ---
2026-01-23 16:40:57 | INFO | HomePage | Customer Ratings
2026-01-23 16:40:57 | INFO | HomePage | Section class: KNnSWQ vRd1kF
2026-01-23 16:40:57 | INFO | HomePage |  - <coroutine object Locator.text_content at 0x1033e2d40>
2026-01-23 16:40:57 | INFO | HomePage | 
--- Section 21 ---
2026-01-23 16:40:57 | INFO | HomePage | ?
2026-01-23 16:40:57 | INFO | HomePage | Section class: vRd1kF J5IblS
2026-01-23 16:40:57 | INFO | HomePage |  - <coroutine object Locator.text_content at 0x1033e2d40>
2026-01-23 16:40:57 | INFO | HomePage | 
--- Section 22 ---
2026-01-23 16:40:57 | INFO | HomePage | Primary Camera
2026-01-23 16:40:57 | INFO | HomePage | Section class: KNnSWQ vRd1kF
2026-01-23 16:40:57 | INFO | HomePage |  - <coroutine object Locator.text_content at 0x1033e2d40>
2026-01-23 16:40:57 | INFO | HomePage | 
--- Section 23 ---
2026-01-23 16:40:57 | INFO | HomePage | Secondary Camera
2026-01-23 16:40:57 | INFO | HomePage | Section class: KNnSWQ vRd1kF
2026-01-23 16:40:57 | INFO | HomePage |  - <coroutine object Locator.text_content at 0x1033e2d40>
2026-01-23 16:40:57 | INFO | HomePage | 
--- Section 24 ---
2026-01-23 16:40:57 | INFO | HomePage | Features
2026-01-23 16:40:57 | INFO | HomePage | Section class: KNnSWQ vRd1kF
2026-01-23 16:40:57 | INFO | HomePage |  - <coroutine object Locator.text_content at 0x1033e2d40>
2026-01-23 16:40:57 | INFO | HomePage | 
--- Section 25 ---
2026-01-23 16:40:57 | INFO | HomePage | OffersSpecial PriceBuy More, Save MoreNo Cost EMI
2026-01-23 16:40:57 | INFO | HomePage | Section class: KNnSWQ vRd1kF
2026-01-23 16:40:57 | INFO | HomePage |  - <coroutine object Locator.text_content at 0x1033e2d40>
2026-01-23 16:40:57 | INFO | HomePage | 
--- Section 26 ---
2026-01-23 16:40:57 | INFO | HomePage | GST Invoice Available
2026-01-23 16:40:57 | INFO | HomePage | Section class: KNnSWQ vRd1kF
2026-01-23 16:40:57 | INFO | HomePage |  - <coroutine object Locator.text_content at 0x1033e2d40>
2026-01-23 16:40:57 | INFO | HomePage | 
--- Section 27 ---
2026-01-23 16:40:57 | INFO | HomePage | Availability
2026-01-23 16:40:57 | INFO | HomePage | Section class: KNnSWQ vRd1kF
2026-01-23 16:40:57 | INFO | HomePage |  - <coroutine object Locator.text_content at 0x1033e2d40>
2026-01-23 16:40:57 | INFO | HomePage | 
--- Section 28 ---
2026-01-23 16:40:57 | INFO | HomePage | Mobiles Price ListMobilesPriceMOTOROLA g57 power 5G (Pantone Fluidity, 128 GB)Rs. 13999realme P3 Lite 5G (Jade Green, 128 GB)Rs. 11999Nokia All-New 105 Single Sim Keypad Phone with Built-in UPI PaymentsRs. 1241MOTOROLA Edge 60 Fusion 5G (PANTONE Amazonite, 256 GB)Rs. 21999vivo T4 Lite 5G Charger in the Box (Titanium Gold, 128 GB)Rs. 12999realme P4x 5G (Matte Silver, 128 GB)Rs. 14999Apple iPhone 17 (Black, 256 GB)Rs. 82900Samsung Music2 (SM-B310E)Rs. 869Samsung Music2 (SM-B310E)Rs. 890MOTOROLA g57 power 5G (Pantone Corsair, 128 GB)Rs. 13999This data was last updated on 2026/01/23
2026-01-23 16:40:57 | INFO | HomePage | Section class: YuoVnd
2026-01-23 16:40:57 | INFO | HomePage |  - <coroutine object Locator.text_content at 0x1033e2d40>
2026-01-23 16:40:57 | INFO | HomePage | 
--- Section 29 ---
2026-01-23 16:40:57 | INFO | HomePage | Question and AnswersQ.What are the different display options available on smartphones?A.Capacitive touchscreen LCD, IPS-LCD, AMOLED, OLED, and Super AMOLED are the different display types available in smart mobile phones.Q.What are the best display resolutions available on smartphones?A.You can find smartphones with HD, FHD, and HD+ resolutions. The higher the display resolution, the sharper the displayed content will appear on the screen.Q.What are the best quad-camera mobile phones available in India?A.Redmi Note 10S, Samsung Galaxy M32, POCO X3 Pro, vivo X70 Pro, and realme 8 are some of the best mobile phones with a quad-camera setup.Q.What is the benefit of fast charging in mobile phones?A.Fast charging enables the mobile phone to charge faster than the current charging standard, and it can significantly reduce the time you would typically require to charge your phone.Q.What are some important features to consider when buying a mobile phone?A.Before purchasing a mobile phone, you must ensure that you consider features and specifications such as the battery capacity, screen size, display type, camera quality, operating system, and SIM compatibility to ensure you purchase a variant that meets all your requirements.Q.What are the latest mobile models in 2026?A.iPhone 17, iPhone Air, iPhone 17 Pro, iPhone 17 Pro Max, realme 16 pro, realme 16 pro plus, oppo reno 15, oppo reno 15 pro, oppo reno 15 pro mini, poco m8 5g, tecno spark go 3, motorola signature, vivo X200T, realme P4 PowerQ.Which are the best mobile phone brands available in India?A.Samsung, iPhone, Redmi, Realme, and POCO are some of the best mobile phone brands available in the Indian market.Q.What is the minimum RAM capacity needed for a smartphone?A.4 GB of RAM is considered the bare minimum for a smartphoneQ.What influences the speed of a mobile phone?A.The number of processor cores and the higher clock speed of the processor cores can influence the speed of the mobile phone.Q.What are the best feature phones available in India?A.Nokia 6310, Nokia 105 SS 2021, Samsung Guru Music 2, and Samsung Metro 350 are some of the best feature phones available in India.Q.How much storage capacity can I expect in a mobile phone?A.Most smartphones come with an inbuilt storage capacity of 32 GB, 64 GB, and 128 GB. A few high-end models also feature 256 GB or 512 GB of storage capacity.
2026-01-23 16:40:57 | INFO | HomePage | Section class: gCRFJc
2026-01-23 16:40:57 | INFO | HomePage |  - <coroutine object Locator.text_content at 0x1033e2d40>
2026-01-23 16:40:57 | INFO | fixtures.page_fixtures | Test PASSED: test_verify_home_page
2026-01-23 16:40:57 | INFO | fixtures.page_fixtures | Page closed successfully
2026-01-23 16:40:58 | INFO | fixtures.context_fixtures | Browser context closed [Worker: main]
2026-01-23 16:40:58 | INFO | fixtures.context_fixtures | --- Context teardown completed [Worker: main] ---
2026-01-23 16:40:58 | INFO | fixtures.browser_fixtures | Closing browser session...
2026-01-23 16:40:58 | INFO | fixtures.browser_fixtures | Browser closed successfully 🧹
2026-01-23 16:40:58 | INFO | fixtures.browser_fixtures | ========== Browser Session Finished ==========
2026-01-23 16:41:31 | INFO | conftest | ========== Initiating Automation Setup ==========
2026-01-23 16:41:31 | INFO | fixtures.auth_fixtures | Auth disabled (--use-auth not provided). Running anonymous session.
2026-01-23 16:41:31 | INFO | fixtures.browser_fixtures | ========== Browser Session Setup ==========
2026-01-23 16:41:31 | INFO | fixtures.browser_fixtures | Browser type       : chromium
2026-01-23 16:41:31 | INFO | fixtures.browser_fixtures | Headless mode      : False
2026-01-23 16:41:31 | INFO | fixtures.browser_fixtures | SlowMo             : 50
2026-01-23 16:41:31 | INFO | fixtures.browser_fixtures | Channel            : chrome
2026-01-23 16:41:31 | INFO | fixtures.browser_fixtures | Using CDP          : False
2026-01-23 16:41:31 | INFO | fixtures.browser_fixtures | Launching new browser instance...
2026-01-23 16:41:32 | INFO | fixtures.browser_fixtures | New browser launched successfully ✅
2026-01-23 16:41:32 | INFO | fixtures.context_fixtures | --- Context setup started [Worker: main] ---
2026-01-23 16:41:32 | INFO | fixtures.context_fixtures | Capture HAR    : False
2026-01-23 16:41:32 | INFO | fixtures.context_fixtures | Capture Trace  : False
2026-01-23 16:41:32 | INFO | fixtures.context_fixtures | Capture Video  : False
2026-01-23 16:41:32 | INFO | fixtures.context_fixtures | Auth Enabled   : False
2026-01-23 16:41:32 | INFO | fixtures.context_fixtures | No storage_state — running anonymous session
2026-01-23 16:41:32 | INFO | fixtures.context_fixtures | Browser context created successfully
2026-01-23 16:41:32 | INFO | fixtures.context_fixtures | Cookie consent injected
2026-01-23 16:41:32 | INFO | fixtures.page_fixtures | Creating new page...
2026-01-23 16:41:33 | INFO | fixtures.page_fixtures | New page created successfully
2026-01-23 16:41:33 | INFO | fixtures.page_fixtures | Navigating to base URL: https://www.flipkart.com/
2026-01-23 16:41:49 | INFO | HomePage | Redirected to url***https://www.flipkart.com/mobile-phones-store?param=4111&fm=neo%2Fmerchandising&iid=M_670895ab-fe4e-4813-ad9d-5e51bc830962_1_X1NCR146KC29_MC.AH1NTIJZ241Z&cid=AH1NTIJZ241Z
2026-01-23 16:41:49 | INFO | HomePage | image name is ****** Flipkart
2026-01-23 16:41:49 | INFO | HomePage | image name is ****** d
2026-01-23 16:41:49 | INFO | HomePage | image name is ****** d
2026-01-23 16:41:49 | INFO | HomePage | image name is ****** d
2026-01-23 16:41:49 | INFO | HomePage | image name is ****** d
2026-01-23 16:41:49 | INFO | HomePage | image name is ****** s
2026-01-23 16:41:49 | INFO | HomePage | image name is ****** s
2026-01-23 16:41:49 | INFO | HomePage | image name is ****** d
2026-01-23 16:41:49 | INFO | HomePage | image name is ****** d
2026-01-23 16:41:49 | INFO | HomePage | image name is ****** d
2026-01-23 16:41:49 | INFO | HomePage | image name is ****** d
2026-01-23 16:41:49 | INFO | HomePage | image name is ****** q
2026-01-23 16:41:49 | INFO | HomePage | image name is ****** q
2026-01-23 16:41:49 | INFO | HomePage | image name is ****** vivo-X200T-CLP-Tsr-EB- 20th
2026-01-23 16:41:49 | INFO | HomePage | image name is ****** vivo-X200T-CLP-Tsr-EB- 20th
2026-01-23 16:41:49 | INFO | HomePage | image name is ****** a
2026-01-23 16:41:49 | INFO | HomePage | image name is ****** a
2026-01-23 16:41:49 | INFO | HomePage | image name is ****** f
2026-01-23 16:41:49 | INFO | HomePage | image name is ****** f
2026-01-23 16:41:49 | INFO | HomePage | image name is ****** d
2026-01-23 16:41:49 | INFO | HomePage | image name is ****** d
2026-01-23 16:41:49 | INFO | HomePage | image name is ****** Samsung-Galaxy S24 5G
2026-01-23 16:41:49 | INFO | HomePage | image name is ****** Samsung-Galaxy S24 5G
2026-01-23 16:41:49 | INFO | HomePage | image name is ****** 1
2026-01-23 16:41:49 | INFO | HomePage | image name is ****** 1
2026-01-23 16:41:49 | INFO | HomePage | image name is ****** Google-Pixel 9a
2026-01-23 16:41:49 | INFO | HomePage | image name is ****** Google-Pixel 9a
2026-01-23 16:41:49 | INFO | HomePage | image name is ****** Apple-iPhone 16
2026-01-23 16:41:49 | INFO | HomePage | image name is ****** Apple-iPhone 16
2026-01-23 16:41:49 | INFO | HomePage | image name is ****** sa
2026-01-23 16:41:49 | INFO | HomePage | image name is ****** sa
2026-01-23 16:41:49 | INFO | HomePage | image name is ****** 1
2026-01-23 16:41:49 | INFO | HomePage | image name is ****** 1
2026-01-23 16:41:49 | INFO | HomePage | image name is ****** s
2026-01-23 16:41:49 | INFO | HomePage | image name is ****** s
2026-01-23 16:41:49 | INFO | HomePage | image name is ****** 1
2026-01-23 16:41:49 | INFO | HomePage | image name is ****** 1
2026-01-23 16:41:49 | INFO | HomePage | image name is ****** 1
2026-01-23 16:41:49 | INFO | HomePage | image name is ****** 1
2026-01-23 16:41:49 | INFO | HomePage | image name is ****** 1
2026-01-23 16:41:49 | INFO | HomePage | image name is ****** 1
2026-01-23 16:41:49 | INFO | HomePage | image name is ****** 1
2026-01-23 16:41:49 | INFO | HomePage | image name is ****** 1
2026-01-23 16:41:49 | INFO | HomePage | image name is ****** Vivo-T4R
2026-01-23 16:41:49 | INFO | HomePage | image name is ****** Vivo-T4R
2026-01-23 16:41:49 | INFO | HomePage | image name is ****** 1
2026-01-23 16:41:49 | INFO | HomePage | image name is ****** 1
2026-01-23 16:41:49 | INFO | HomePage | image name is ****** Motorola-G96 5G
2026-01-23 16:41:49 | INFO | HomePage | image name is ****** Motorola-G96 5G
2026-01-23 16:41:49 | INFO | HomePage | image name is ****** i
2026-01-23 16:41:49 | INFO | HomePage | image name is ****** i
2026-01-23 16:41:49 | INFO | HomePage | image name is ****** 1
2026-01-23 16:41:49 | INFO | HomePage | image name is ****** 1
2026-01-23 16:41:49 | INFO | HomePage | image name is ****** 1
2026-01-23 16:41:49 | INFO | HomePage | image name is ****** 1
2026-01-23 16:41:49 | INFO | HomePage | image name is ****** Moto-G57-Power
2026-01-23 16:41:49 | INFO | HomePage | image name is ****** Moto-G57-Power
2026-01-23 16:41:49 | INFO | HomePage | image name is ****** 1
2026-01-23 16:41:49 | INFO | HomePage | image name is ****** 1
2026-01-23 16:41:49 | INFO | HomePage | image name is ****** a
2026-01-23 16:41:49 | INFO | HomePage | image name is ****** a
2026-01-23 16:41:49 | INFO | HomePage | image name is ****** as
2026-01-23 16:41:49 | INFO | HomePage | image name is ****** as
2026-01-23 16:41:49 | INFO | HomePage | image name is ****** vbn
2026-01-23 16:41:49 | INFO | HomePage | image name is ****** vbn
2026-01-23 16:41:49 | INFO | HomePage | image name is ****** q
2026-01-23 16:41:49 | INFO | HomePage | image name is ****** q
2026-01-23 16:41:49 | INFO | HomePage | image name is ****** a
2026-01-23 16:41:49 | INFO | HomePage | image name is ****** a
2026-01-23 16:41:49 | INFO | HomePage | image name is ****** a
2026-01-23 16:41:49 | INFO | HomePage | image name is ****** a
2026-01-23 16:41:49 | INFO | HomePage | image name is ****** a
2026-01-23 16:41:49 | INFO | HomePage | image name is ****** a
2026-01-23 16:41:49 | INFO | HomePage | image name is ****** a
2026-01-23 16:41:49 | INFO | HomePage | image name is ****** a
2026-01-23 16:41:49 | INFO | HomePage | image name is ****** a
2026-01-23 16:41:49 | INFO | HomePage | image name is ****** a
2026-01-23 16:41:49 | INFO | HomePage | image name is ****** motorola-Edge 7
2026-01-23 16:41:49 | INFO | HomePage | image name is ****** motorola-Edge 7
2026-01-23 16:41:49 | INFO | HomePage | image name is ****** a
2026-01-23 16:41:49 | INFO | HomePage | image name is ****** a
2026-01-23 16:41:49 | INFO | HomePage | image name is ****** i
2026-01-23 16:41:49 | INFO | HomePage | image name is ****** i
2026-01-23 16:41:49 | INFO | HomePage | Found 2 select elements
2026-01-23 16:41:49 | INFO | HomePage | Select class: hbnjE2
2026-01-23 16:41:49 | INFO | HomePage |  - Min
2026-01-23 16:41:49 | INFO | HomePage |  - ₹10000
2026-01-23 16:41:49 | INFO | HomePage |  - ₹15000
2026-01-23 16:41:49 | INFO | HomePage |  - ₹20000
2026-01-23 16:41:49 | INFO | HomePage |  - ₹30000
2026-01-23 16:41:49 | INFO | HomePage | Select class: hbnjE2
2026-01-23 16:41:49 | INFO | HomePage |  - ₹10000
2026-01-23 16:41:49 | INFO | HomePage |  - ₹15000
2026-01-23 16:41:49 | INFO | HomePage |  - ₹20000
2026-01-23 16:41:49 | INFO | HomePage |  - ₹30000
2026-01-23 16:41:49 | INFO | HomePage |  - ₹30000+
2026-01-23 16:41:49 | INFO | HomePage | Found 29 Section elements
2026-01-23 16:41:49 | INFO | HomePage | 
--- Section 1 ---
2026-01-23 16:41:49 | INFO | HomePage | Filters
2026-01-23 16:41:49 | INFO | HomePage | Section class: JPBFuF vRd1kF
2026-01-23 16:41:49 | INFO | HomePage |  - Filters
2026-01-23 16:41:49 | INFO | HomePage | 
--- Section 2 ---
2026-01-23 16:41:49 | INFO | HomePage | CATEGORIESMobiles & AccessoriesMobiles
2026-01-23 16:41:49 | INFO | HomePage | Section class: EbGpCV
2026-01-23 16:41:49 | INFO | HomePage |  - CATEGORIESMobiles & AccessoriesMobiles
2026-01-23 16:41:49 | INFO | HomePage | 
--- Section 3 ---
2026-01-23 16:41:49 | INFO | HomePage | BrandAppleGoogleMOTOROLAvivoOPPOInfinix137 MORE
2026-01-23 16:41:49 | INFO | HomePage | Section class: KNnSWQ vRd1kF
2026-01-23 16:41:49 | INFO | HomePage |  - BrandAppleGoogleMOTOROLAvivoOPPOInfinix137 MORE
2026-01-23 16:41:49 | INFO | HomePage | 
--- Section 4 ---
2026-01-23 16:41:49 | INFO | HomePage | RAM4 GB3 GB2 GB1GB and Below8 GB and Above6 GB
2026-01-23 16:41:49 | INFO | HomePage | Section class: KNnSWQ vRd1kF
2026-01-23 16:41:49 | INFO | HomePage |  - RAM4 GB3 GB2 GB1GB and Below8 GB and Above6 GB
2026-01-23 16:41:49 | INFO | HomePage | 
--- Section 5 ---
2026-01-23 16:41:49 | INFO | HomePage | Network Type
2026-01-23 16:41:49 | INFO | HomePage | Section class: KNnSWQ vRd1kF
2026-01-23 16:41:49 | INFO | HomePage |  - Network Type
2026-01-23 16:41:49 | INFO | HomePage | 
--- Section 6 ---
2026-01-23 16:41:49 | INFO | HomePage | Internal Storage
2026-01-23 16:41:49 | INFO | HomePage | Section class: KNnSWQ vRd1kF
2026-01-23 16:41:49 | INFO | HomePage |  - Internal Storage
2026-01-23 16:41:49 | INFO | HomePage | 
--- Section 7 ---
2026-01-23 16:41:49 | INFO | HomePage | Type
2026-01-23 16:41:49 | INFO | HomePage | Section class: KNnSWQ vRd1kF
2026-01-23 16:41:49 | INFO | HomePage |  - Type
2026-01-23 16:41:49 | INFO | HomePage | 
--- Section 8 ---
2026-01-23 16:41:49 | INFO | HomePage | Processor Brand
2026-01-23 16:41:49 | INFO | HomePage | Section class: KNnSWQ vRd1kF
2026-01-23 16:41:49 | INFO | HomePage |  - Processor Brand
2026-01-23 16:41:49 | INFO | HomePage | 
--- Section 9 ---
2026-01-23 16:41:49 | INFO | HomePage | Clock Speed
2026-01-23 16:41:49 | INFO | HomePage | Section class: KNnSWQ vRd1kF
2026-01-23 16:41:49 | INFO | HomePage |  - Clock Speed
2026-01-23 16:41:49 | INFO | HomePage | 
--- Section 10 ---
2026-01-23 16:41:49 | INFO | HomePage | Operating System
2026-01-23 16:41:49 | INFO | HomePage | Section class: KNnSWQ vRd1kF
2026-01-23 16:41:49 | INFO | HomePage |  - Operating System
2026-01-23 16:41:49 | INFO | HomePage | 
--- Section 11 ---
2026-01-23 16:41:49 | INFO | HomePage | Battery Capacity
2026-01-23 16:41:49 | INFO | HomePage | Section class: KNnSWQ vRd1kF
2026-01-23 16:41:49 | INFO | HomePage |  - Battery Capacity
2026-01-23 16:41:49 | INFO | HomePage | 
--- Section 12 ---
2026-01-23 16:41:49 | INFO | HomePage | Speciality
2026-01-23 16:41:49 | INFO | HomePage | Section class: KNnSWQ vRd1kF
2026-01-23 16:41:49 | INFO | HomePage |  - Speciality
2026-01-23 16:41:49 | INFO | HomePage | 
--- Section 13 ---
2026-01-23 16:41:49 | INFO | HomePage | Resolution Type
2026-01-23 16:41:49 | INFO | HomePage | Section class: KNnSWQ vRd1kF
2026-01-23 16:41:49 | INFO | HomePage |  - Resolution Type
2026-01-23 16:41:49 | INFO | HomePage | 
--- Section 14 ---
2026-01-23 16:41:49 | INFO | HomePage | Sim Type
2026-01-23 16:41:49 | INFO | HomePage | Section class: KNnSWQ vRd1kF
2026-01-23 16:41:49 | INFO | HomePage |  - Sim Type
2026-01-23 16:41:49 | INFO | HomePage | 
--- Section 15 ---
2026-01-23 16:41:49 | INFO | HomePage | Screen Size
2026-01-23 16:41:49 | INFO | HomePage | Section class: KNnSWQ vRd1kF
2026-01-23 16:41:49 | INFO | HomePage |  - Screen Size
2026-01-23 16:41:49 | INFO | HomePage | 
--- Section 16 ---
2026-01-23 16:41:49 | INFO | HomePage | Operating System Version Name
2026-01-23 16:41:49 | INFO | HomePage | Section class: KNnSWQ vRd1kF
2026-01-23 16:41:49 | INFO | HomePage |  - Operating System Version Name
2026-01-23 16:41:49 | INFO | HomePage | 
--- Section 17 ---
2026-01-23 16:41:49 | INFO | HomePage | Number of Cores
2026-01-23 16:41:49 | INFO | HomePage | Section class: KNnSWQ vRd1kF
2026-01-23 16:41:49 | INFO | HomePage |  - Number of Cores
2026-01-23 16:41:49 | INFO | HomePage | 
--- Section 18 ---
2026-01-23 16:41:49 | INFO | HomePage | Price......Min₹10000₹15000₹20000₹30000to₹10000₹15000₹20000₹30000₹30000+
2026-01-23 16:41:49 | INFO | HomePage | Section class: XC54e7 vRd1kF
2026-01-23 16:41:49 | INFO | HomePage |  - Price......Min₹10000₹15000₹20000₹30000to₹10000₹15000₹20000₹30000₹30000+
2026-01-23 16:41:49 | INFO | HomePage | 
--- Section 19 ---
2026-01-23 16:41:49 | INFO | HomePage | Discount50% or more40% or more30% or more20% or more10% or more
2026-01-23 16:41:49 | INFO | HomePage | Section class: KNnSWQ vRd1kF
2026-01-23 16:41:49 | INFO | HomePage |  - Discount50% or more40% or more30% or more20% or more10% or more
2026-01-23 16:41:49 | INFO | HomePage | 
--- Section 20 ---
2026-01-23 16:41:49 | INFO | HomePage | Customer Ratings
2026-01-23 16:41:49 | INFO | HomePage | Section class: KNnSWQ vRd1kF
2026-01-23 16:41:49 | INFO | HomePage |  - Customer Ratings
2026-01-23 16:41:49 | INFO | HomePage | 
--- Section 21 ---
2026-01-23 16:41:49 | INFO | HomePage | ?
2026-01-23 16:41:49 | INFO | HomePage | Section class: vRd1kF J5IblS
2026-01-23 16:41:49 | INFO | HomePage |  - ?
2026-01-23 16:41:49 | INFO | HomePage | 
--- Section 22 ---
2026-01-23 16:41:49 | INFO | HomePage | Primary Camera
2026-01-23 16:41:49 | INFO | HomePage | Section class: KNnSWQ vRd1kF
2026-01-23 16:41:49 | INFO | HomePage |  - Primary Camera
2026-01-23 16:41:49 | INFO | HomePage | 
--- Section 23 ---
2026-01-23 16:41:49 | INFO | HomePage | Secondary Camera
2026-01-23 16:41:49 | INFO | HomePage | Section class: KNnSWQ vRd1kF
2026-01-23 16:41:49 | INFO | HomePage |  - Secondary Camera
2026-01-23 16:41:49 | INFO | HomePage | 
--- Section 24 ---
2026-01-23 16:41:49 | INFO | HomePage | Features
2026-01-23 16:41:49 | INFO | HomePage | Section class: KNnSWQ vRd1kF
2026-01-23 16:41:49 | INFO | HomePage |  - Features
2026-01-23 16:41:49 | INFO | HomePage | 
--- Section 25 ---
2026-01-23 16:41:49 | INFO | HomePage | OffersSpecial PriceBuy More, Save MoreNo Cost EMI
2026-01-23 16:41:49 | INFO | HomePage | Section class: KNnSWQ vRd1kF
2026-01-23 16:41:49 | INFO | HomePage |  - OffersSpecial PriceBuy More, Save MoreNo Cost EMI
2026-01-23 16:41:49 | INFO | HomePage | 
--- Section 26 ---
2026-01-23 16:41:49 | INFO | HomePage | GST Invoice Available
2026-01-23 16:41:49 | INFO | HomePage | Section class: KNnSWQ vRd1kF
2026-01-23 16:41:49 | INFO | HomePage |  - GST Invoice Available
2026-01-23 16:41:49 | INFO | HomePage | 
--- Section 27 ---
2026-01-23 16:41:49 | INFO | HomePage | Availability
2026-01-23 16:41:49 | INFO | HomePage | Section class: KNnSWQ vRd1kF
2026-01-23 16:41:49 | INFO | HomePage |  - Availability
2026-01-23 16:41:49 | INFO | HomePage | 
--- Section 28 ---
2026-01-23 16:41:49 | INFO | HomePage | Mobiles Price ListMobilesPriceMOTOROLA g57 power 5G (Pantone Fluidity, 128 GB)Rs. 13999realme P3 Lite 5G (Jade Green, 128 GB)Rs. 11999Nokia All-New 105 Single Sim Keypad Phone with Built-in UPI PaymentsRs. 1241MOTOROLA Edge 60 Fusion 5G (PANTONE Amazonite, 256 GB)Rs. 21999vivo T4 Lite 5G Charger in the Box (Titanium Gold, 128 GB)Rs. 12999realme P4x 5G (Matte Silver, 128 GB)Rs. 14999Apple iPhone 17 (Black, 256 GB)Rs. 82900Samsung Music2 (SM-B310E)Rs. 869Samsung Music2 (SM-B310E)Rs. 890MOTOROLA g57 power 5G (Pantone Corsair, 128 GB)Rs. 13999This data was last updated on 2026/01/23
2026-01-23 16:41:49 | INFO | HomePage | Section class: YuoVnd
2026-01-23 16:41:49 | INFO | HomePage |  - Mobiles Price ListMobilesPriceMOTOROLA g57 power 5G (Pantone Fluidity, 128 GB)Rs. 13999realme P3 Lite 5G (Jade Green, 128 GB)Rs. 11999Nokia All-New 105 Single Sim Keypad Phone with Built-in UPI PaymentsRs. 1241MOTOROLA Edge 60 Fusion 5G (PANTONE Amazonite, 256 GB)Rs. 21999vivo T4 Lite 5G Charger in the Box (Titanium Gold, 128 GB)Rs. 12999realme P4x 5G (Matte Silver, 128 GB)Rs. 14999Apple iPhone 17 (Black, 256 GB)Rs. 82900Samsung Music2 (SM-B310E)Rs. 869Samsung Music2 (SM-B310E)Rs. 890MOTOROLA g57 power 5G (Pantone Corsair, 128 GB)Rs. 13999This data was last updated on 2026/01/23
2026-01-23 16:41:49 | INFO | HomePage | 
--- Section 29 ---
2026-01-23 16:41:49 | INFO | HomePage | Question and AnswersQ.What are the different display options available on smartphones?A.Capacitive touchscreen LCD, IPS-LCD, AMOLED, OLED, and Super AMOLED are the different display types available in smart mobile phones.Q.What are the best display resolutions available on smartphones?A.You can find smartphones with HD, FHD, and HD+ resolutions. The higher the display resolution, the sharper the displayed content will appear on the screen.Q.What are the best quad-camera mobile phones available in India?A.Redmi Note 10S, Samsung Galaxy M32, POCO X3 Pro, vivo X70 Pro, and realme 8 are some of the best mobile phones with a quad-camera setup.Q.What is the benefit of fast charging in mobile phones?A.Fast charging enables the mobile phone to charge faster than the current charging standard, and it can significantly reduce the time you would typically require to charge your phone.Q.What are some important features to consider when buying a mobile phone?A.Before purchasing a mobile phone, you must ensure that you consider features and specifications such as the battery capacity, screen size, display type, camera quality, operating system, and SIM compatibility to ensure you purchase a variant that meets all your requirements.Q.What are the latest mobile models in 2026?A.iPhone 17, iPhone Air, iPhone 17 Pro, iPhone 17 Pro Max, realme 16 pro, realme 16 pro plus, oppo reno 15, oppo reno 15 pro, oppo reno 15 pro mini, poco m8 5g, tecno spark go 3, motorola signature, vivo X200T, realme P4 PowerQ.Which are the best mobile phone brands available in India?A.Samsung, iPhone, Redmi, Realme, and POCO are some of the best mobile phone brands available in the Indian market.Q.What is the minimum RAM capacity needed for a smartphone?A.4 GB of RAM is considered the bare minimum for a smartphoneQ.What influences the speed of a mobile phone?A.The number of processor cores and the higher clock speed of the processor cores can influence the speed of the mobile phone.Q.What are the best feature phones available in India?A.Nokia 6310, Nokia 105 SS 2021, Samsung Guru Music 2, and Samsung Metro 350 are some of the best feature phones available in India.Q.How much storage capacity can I expect in a mobile phone?A.Most smartphones come with an inbuilt storage capacity of 32 GB, 64 GB, and 128 GB. A few high-end models also feature 256 GB or 512 GB of storage capacity.
2026-01-23 16:41:49 | INFO | HomePage | Section class: gCRFJc
2026-01-23 16:41:49 | INFO | HomePage |  - Question and AnswersQ.What are the different display options available on smartphones?A.Capacitive touchscreen LCD, IPS-LCD, AMOLED, OLED, and Super AMOLED are the different display types available in smart mobile phones.Q.What are the best display resolutions available on smartphones?A.You can find smartphones with HD, FHD, and HD+ resolutions. The higher the display resolution, the sharper the displayed content will appear on the screen.Q.What are the best quad-camera mobile phones available in India?A.Redmi Note 10S, Samsung Galaxy M32, POCO X3 Pro, vivo X70 Pro, and realme 8 are some of the best mobile phones with a quad-camera setup.Q.What is the benefit of fast charging in mobile phones?A.Fast charging enables the mobile phone to charge faster than the current charging standard, and it can significantly reduce the time you would typically require to charge your phone.Q.What are some important features to consider when buying a mobile phone?A.Before purchasing a mobile phone, you must ensure that you consider features and specifications such as the battery capacity, screen size, display type, camera quality, operating system, and SIM compatibility to ensure you purchase a variant that meets all your requirements.Q.What are the latest mobile models in 2026?A.iPhone 17, iPhone Air, iPhone 17 Pro, iPhone 17 Pro Max, realme 16 pro, realme 16 pro plus, oppo reno 15, oppo reno 15 pro, oppo reno 15 pro mini, poco m8 5g, tecno spark go 3, motorola signature, vivo X200T, realme P4 PowerQ.Which are the best mobile phone brands available in India?A.Samsung, iPhone, Redmi, Realme, and POCO are some of the best mobile phone brands available in the Indian market.Q.What is the minimum RAM capacity needed for a smartphone?A.4 GB of RAM is considered the bare minimum for a smartphoneQ.What influences the speed of a mobile phone?A.The number of processor cores and the higher clock speed of the processor cores can influence the speed of the mobile phone.Q.What are the best feature phones available in India?A.Nokia 6310, Nokia 105 SS 2021, Samsung Guru Music 2, and Samsung Metro 350 are some of the best feature phones available in India.Q.How much storage capacity can I expect in a mobile phone?A.Most smartphones come with an inbuilt storage capacity of 32 GB, 64 GB, and 128 GB. A few high-end models also feature 256 GB or 512 GB of storage capacity.
2026-01-23 16:41:49 | INFO | fixtures.page_fixtures | Test PASSED: test_verify_home_page
2026-01-23 16:41:49 | INFO | fixtures.page_fixtures | Page closed successfully
2026-01-23 16:41:50 | INFO | fixtures.context_fixtures | Browser context closed [Worker: main]
2026-01-23 16:41:50 | INFO | fixtures.context_fixtures | --- Context teardown completed [Worker: main] ---
2026-01-23 16:41:50 | INFO | fixtures.browser_fixtures | Closing browser session...
2026-01-23 16:41:50 | INFO | fixtures.browser_fixtures | Browser closed successfully 🧹
2026-01-23 16:41:50 | INFO | fixtures.browser_fixtures | ========== Browser Session Finished ==========
2026-01-23 17:07:06 | INFO | conftest | ========== Initiating Automation Setup ==========
2026-01-23 17:07:06 | INFO | fixtures.auth_fixtures | Auth disabled (--use-auth not provided). Running anonymous session.
2026-01-23 17:07:06 | INFO | fixtures.browser_fixtures | ========== Browser Session Setup ==========
2026-01-23 17:07:06 | INFO | fixtures.browser_fixtures | Browser type       : chromium
2026-01-23 17:07:06 | INFO | fixtures.browser_fixtures | Headless mode      : False
2026-01-23 17:07:06 | INFO | fixtures.browser_fixtures | SlowMo             : 50
2026-01-23 17:07:06 | INFO | fixtures.browser_fixtures | Channel            : chrome
2026-01-23 17:07:06 | INFO | fixtures.browser_fixtures | Using CDP          : False
2026-01-23 17:07:06 | INFO | fixtures.browser_fixtures | Launching new browser instance...
2026-01-23 17:07:07 | INFO | fixtures.browser_fixtures | New browser launched successfully ✅
2026-01-23 17:07:07 | INFO | fixtures.context_fixtures | --- Context setup started [Worker: main] ---
2026-01-23 17:07:07 | INFO | fixtures.context_fixtures | Capture HAR    : False
2026-01-23 17:07:07 | INFO | fixtures.context_fixtures | Capture Trace  : False
2026-01-23 17:07:07 | INFO | fixtures.context_fixtures | Capture Video  : False
2026-01-23 17:07:07 | INFO | fixtures.context_fixtures | Auth Enabled   : False
2026-01-23 17:07:07 | INFO | fixtures.context_fixtures | No storage_state — running anonymous session
2026-01-23 17:07:07 | INFO | fixtures.context_fixtures | Browser context created successfully
2026-01-23 17:07:07 | INFO | fixtures.context_fixtures | Cookie consent injected
2026-01-23 17:07:07 | INFO | fixtures.page_fixtures | Creating new page...
2026-01-23 17:07:09 | INFO | fixtures.page_fixtures | New page created successfully
2026-01-23 17:07:09 | INFO | fixtures.page_fixtures | Navigating to base URL: https://www.flipkart.com/
2026-01-23 17:07:24 | INFO | HomePage | Redirected to url***https://www.flipkart.com/mobile-phones-store?param=4111&fm=neo%2Fmerchandising&iid=M_23f0ce3a-a78f-4cf6-941c-a5fcac77ee91_1_X1NCR146KC29_MC.AH1NTIJZ241Z&cid=AH1NTIJZ241Z
2026-01-23 17:07:24 | INFO | HomePage | image name is ****** Flipkart
2026-01-23 17:07:24 | INFO | HomePage | image name is ****** d
2026-01-23 17:07:24 | INFO | HomePage | image name is ****** d
2026-01-23 17:07:24 | INFO | HomePage | image name is ****** d
2026-01-23 17:07:24 | INFO | HomePage | image name is ****** d
2026-01-23 17:07:24 | INFO | HomePage | image name is ****** s
2026-01-23 17:07:24 | INFO | HomePage | image name is ****** s
2026-01-23 17:07:24 | INFO | HomePage | image name is ****** d
2026-01-23 17:07:24 | INFO | HomePage | image name is ****** d
2026-01-23 17:07:24 | INFO | HomePage | image name is ****** d
2026-01-23 17:07:24 | INFO | HomePage | image name is ****** d
2026-01-23 17:07:24 | INFO | HomePage | image name is ****** q
2026-01-23 17:07:24 | INFO | HomePage | image name is ****** q
2026-01-23 17:07:24 | INFO | HomePage | image name is ****** vivo-X200T-CLP-Tsr-EB- 20th
2026-01-23 17:07:24 | INFO | HomePage | image name is ****** vivo-X200T-CLP-Tsr-EB- 20th
2026-01-23 17:07:24 | INFO | HomePage | image name is ****** a
2026-01-23 17:07:24 | INFO | HomePage | image name is ****** a
2026-01-23 17:07:24 | INFO | HomePage | image name is ****** f
2026-01-23 17:07:24 | INFO | HomePage | image name is ****** f
2026-01-23 17:07:24 | INFO | HomePage | image name is ****** d
2026-01-23 17:07:24 | INFO | HomePage | image name is ****** d
2026-01-23 17:07:24 | INFO | HomePage | image name is ****** Samsung-Galaxy S24 5G
2026-01-23 17:07:24 | INFO | HomePage | image name is ****** Samsung-Galaxy S24 5G
2026-01-23 17:07:24 | INFO | HomePage | image name is ****** 1
2026-01-23 17:07:24 | INFO | HomePage | image name is ****** 1
2026-01-23 17:07:24 | INFO | HomePage | image name is ****** Google-Pixel 9a
2026-01-23 17:07:24 | INFO | HomePage | image name is ****** Google-Pixel 9a
2026-01-23 17:07:24 | INFO | HomePage | image name is ****** Apple-iPhone 16
2026-01-23 17:07:24 | INFO | HomePage | image name is ****** Apple-iPhone 16
2026-01-23 17:07:24 | INFO | HomePage | image name is ****** sa
2026-01-23 17:07:24 | INFO | HomePage | image name is ****** sa
2026-01-23 17:07:24 | INFO | HomePage | image name is ****** 1
2026-01-23 17:07:24 | INFO | HomePage | image name is ****** 1
2026-01-23 17:07:24 | INFO | HomePage | image name is ****** s
2026-01-23 17:07:24 | INFO | HomePage | image name is ****** s
2026-01-23 17:07:24 | INFO | HomePage | image name is ****** 1
2026-01-23 17:07:24 | INFO | HomePage | image name is ****** 1
2026-01-23 17:07:24 | INFO | HomePage | image name is ****** 1
2026-01-23 17:07:24 | INFO | HomePage | image name is ****** 1
2026-01-23 17:07:24 | INFO | HomePage | image name is ****** 1
2026-01-23 17:07:24 | INFO | HomePage | image name is ****** 1
2026-01-23 17:07:24 | INFO | HomePage | image name is ****** 1
2026-01-23 17:07:24 | INFO | HomePage | image name is ****** 1
2026-01-23 17:07:24 | INFO | HomePage | image name is ****** Vivo-T4R
2026-01-23 17:07:24 | INFO | HomePage | image name is ****** Vivo-T4R
2026-01-23 17:07:24 | INFO | HomePage | image name is ****** 1
2026-01-23 17:07:24 | INFO | HomePage | image name is ****** 1
2026-01-23 17:07:24 | INFO | HomePage | image name is ****** Motorola-G96 5G
2026-01-23 17:07:24 | INFO | HomePage | image name is ****** Motorola-G96 5G
2026-01-23 17:07:24 | INFO | HomePage | image name is ****** i
2026-01-23 17:07:24 | INFO | HomePage | image name is ****** i
2026-01-23 17:07:24 | INFO | HomePage | image name is ****** 1
2026-01-23 17:07:24 | INFO | HomePage | image name is ****** 1
2026-01-23 17:07:24 | INFO | HomePage | image name is ****** 1
2026-01-23 17:07:24 | INFO | HomePage | image name is ****** 1
2026-01-23 17:07:24 | INFO | HomePage | image name is ****** Moto-G57-Power
2026-01-23 17:07:24 | INFO | HomePage | image name is ****** Moto-G57-Power
2026-01-23 17:07:24 | INFO | HomePage | image name is ****** 1
2026-01-23 17:07:24 | INFO | HomePage | image name is ****** 1
2026-01-23 17:07:24 | INFO | HomePage | image name is ****** as
2026-01-23 17:07:24 | INFO | HomePage | image name is ****** as
2026-01-23 17:07:24 | INFO | HomePage | image name is ****** a
2026-01-23 17:07:24 | INFO | HomePage | image name is ****** a
2026-01-23 17:07:24 | INFO | HomePage | image name is ****** vbn
2026-01-23 17:07:24 | INFO | HomePage | image name is ****** vbn
2026-01-23 17:07:24 | INFO | HomePage | image name is ****** q
2026-01-23 17:07:24 | INFO | HomePage | image name is ****** q
2026-01-23 17:07:24 | INFO | HomePage | image name is ****** a
2026-01-23 17:07:24 | INFO | HomePage | image name is ****** a
2026-01-23 17:07:24 | INFO | HomePage | image name is ****** a
2026-01-23 17:07:24 | INFO | HomePage | image name is ****** a
2026-01-23 17:07:24 | INFO | HomePage | image name is ****** a
2026-01-23 17:07:24 | INFO | HomePage | image name is ****** a
2026-01-23 17:07:24 | INFO | HomePage | image name is ****** a
2026-01-23 17:07:24 | INFO | HomePage | image name is ****** a
2026-01-23 17:07:24 | INFO | HomePage | image name is ****** a
2026-01-23 17:07:24 | INFO | HomePage | image name is ****** a
2026-01-23 17:07:24 | INFO | HomePage | image name is ****** motorola-Edge 7
2026-01-23 17:07:24 | INFO | HomePage | image name is ****** motorola-Edge 7
2026-01-23 17:07:24 | INFO | HomePage | image name is ****** a
2026-01-23 17:07:24 | INFO | HomePage | image name is ****** a
2026-01-23 17:07:24 | INFO | HomePage | image name is ****** i
2026-01-23 17:07:24 | INFO | HomePage | image name is ****** i
2026-01-23 17:07:24 | INFO | HomePage | Found 2 select elements
2026-01-23 17:07:24 | INFO | HomePage | Select class: hbnjE2
2026-01-23 17:07:24 | INFO | HomePage |  - Min
2026-01-23 17:07:24 | INFO | HomePage |  - ₹10000
2026-01-23 17:07:24 | INFO | HomePage |  - ₹15000
2026-01-23 17:07:24 | INFO | HomePage |  - ₹20000
2026-01-23 17:07:24 | INFO | HomePage |  - ₹30000
2026-01-23 17:07:24 | INFO | HomePage | Select class: hbnjE2
2026-01-23 17:07:24 | INFO | HomePage |  - ₹10000
2026-01-23 17:07:24 | INFO | HomePage |  - ₹15000
2026-01-23 17:07:24 | INFO | HomePage |  - ₹20000
2026-01-23 17:07:24 | INFO | HomePage |  - ₹30000
2026-01-23 17:07:24 | INFO | HomePage |  - ₹30000+
2026-01-23 17:07:24 | INFO | HomePage | Found 29 Section elements
2026-01-23 17:07:24 | INFO | HomePage | 
--- Section 1 ---
2026-01-23 17:07:24 | INFO | HomePage | Filters
2026-01-23 17:07:24 | INFO | HomePage | Section class: JPBFuF vRd1kF
2026-01-23 17:07:24 | INFO | HomePage |  - Filters
2026-01-23 17:07:24 | INFO | HomePage | 
--- Section 2 ---
2026-01-23 17:07:24 | INFO | HomePage | CATEGORIESMobiles & AccessoriesMobiles
2026-01-23 17:07:24 | INFO | HomePage | Section class: EbGpCV
2026-01-23 17:07:24 | INFO | HomePage |  - CATEGORIESMobiles & AccessoriesMobiles
2026-01-23 17:07:24 | INFO | HomePage | 
--- Section 3 ---
2026-01-23 17:07:24 | INFO | HomePage | BrandAppleGoogleMOTOROLAvivoOPPOInfinix137 MORE
2026-01-23 17:07:24 | INFO | HomePage | Section class: KNnSWQ vRd1kF
2026-01-23 17:07:24 | INFO | HomePage |  - BrandAppleGoogleMOTOROLAvivoOPPOInfinix137 MORE
2026-01-23 17:07:24 | INFO | HomePage | 
--- Section 4 ---
2026-01-23 17:07:24 | INFO | HomePage | RAM4 GB3 GB2 GB1GB and Below8 GB and Above6 GB
2026-01-23 17:07:24 | INFO | HomePage | Section class: KNnSWQ vRd1kF
2026-01-23 17:07:24 | INFO | HomePage |  - RAM4 GB3 GB2 GB1GB and Below8 GB and Above6 GB
2026-01-23 17:07:24 | INFO | HomePage | 
--- Section 5 ---
2026-01-23 17:07:24 | INFO | HomePage | Network Type
2026-01-23 17:07:24 | INFO | HomePage | Section class: KNnSWQ vRd1kF
2026-01-23 17:07:24 | INFO | HomePage |  - Network Type
2026-01-23 17:07:24 | INFO | HomePage | 
--- Section 6 ---
2026-01-23 17:07:24 | INFO | HomePage | Internal Storage
2026-01-23 17:07:24 | INFO | HomePage | Section class: KNnSWQ vRd1kF
2026-01-23 17:07:24 | INFO | HomePage |  - Internal Storage
2026-01-23 17:07:24 | INFO | HomePage | 
--- Section 7 ---
2026-01-23 17:07:24 | INFO | HomePage | Type
2026-01-23 17:07:24 | INFO | HomePage | Section class: KNnSWQ vRd1kF
2026-01-23 17:07:24 | INFO | HomePage |  - Type
2026-01-23 17:07:24 | INFO | HomePage | 
--- Section 8 ---
2026-01-23 17:07:24 | INFO | HomePage | Processor Brand
2026-01-23 17:07:24 | INFO | HomePage | Section class: KNnSWQ vRd1kF
2026-01-23 17:07:24 | INFO | HomePage |  - Processor Brand
2026-01-23 17:07:24 | INFO | HomePage | 
--- Section 9 ---
2026-01-23 17:07:24 | INFO | HomePage | Clock Speed
2026-01-23 17:07:24 | INFO | HomePage | Section class: KNnSWQ vRd1kF
2026-01-23 17:07:24 | INFO | HomePage |  - Clock Speed
2026-01-23 17:07:24 | INFO | HomePage | 
--- Section 10 ---
2026-01-23 17:07:24 | INFO | HomePage | Operating System
2026-01-23 17:07:24 | INFO | HomePage | Section class: KNnSWQ vRd1kF
2026-01-23 17:07:24 | INFO | HomePage |  - Operating System
2026-01-23 17:07:24 | INFO | HomePage | 
--- Section 11 ---
2026-01-23 17:07:24 | INFO | HomePage | Battery Capacity
2026-01-23 17:07:24 | INFO | HomePage | Section class: KNnSWQ vRd1kF
2026-01-23 17:07:24 | INFO | HomePage |  - Battery Capacity
2026-01-23 17:07:24 | INFO | HomePage | 
--- Section 12 ---
2026-01-23 17:07:24 | INFO | HomePage | Speciality
2026-01-23 17:07:24 | INFO | HomePage | Section class: KNnSWQ vRd1kF
2026-01-23 17:07:24 | INFO | HomePage |  - Speciality
2026-01-23 17:07:24 | INFO | HomePage | 
--- Section 13 ---
2026-01-23 17:07:24 | INFO | HomePage | Resolution Type
2026-01-23 17:07:24 | INFO | HomePage | Section class: KNnSWQ vRd1kF
2026-01-23 17:07:24 | INFO | HomePage |  - Resolution Type
2026-01-23 17:07:24 | INFO | HomePage | 
--- Section 14 ---
2026-01-23 17:07:24 | INFO | HomePage | Sim Type
2026-01-23 17:07:24 | INFO | HomePage | Section class: KNnSWQ vRd1kF
2026-01-23 17:07:24 | INFO | HomePage |  - Sim Type
2026-01-23 17:07:24 | INFO | HomePage | 
--- Section 15 ---
2026-01-23 17:07:24 | INFO | HomePage | Screen Size
2026-01-23 17:07:24 | INFO | HomePage | Section class: KNnSWQ vRd1kF
2026-01-23 17:07:24 | INFO | HomePage |  - Screen Size
2026-01-23 17:07:24 | INFO | HomePage | 
--- Section 16 ---
2026-01-23 17:07:24 | INFO | HomePage | Operating System Version Name
2026-01-23 17:07:24 | INFO | HomePage | Section class: KNnSWQ vRd1kF
2026-01-23 17:07:24 | INFO | HomePage |  - Operating System Version Name
2026-01-23 17:07:24 | INFO | HomePage | 
--- Section 17 ---
2026-01-23 17:07:24 | INFO | HomePage | Number of Cores
2026-01-23 17:07:24 | INFO | HomePage | Section class: KNnSWQ vRd1kF
2026-01-23 17:07:24 | INFO | HomePage |  - Number of Cores
2026-01-23 17:07:24 | INFO | HomePage | 
--- Section 18 ---
2026-01-23 17:07:24 | INFO | HomePage | Price......Min₹10000₹15000₹20000₹30000to₹10000₹15000₹20000₹30000₹30000+
2026-01-23 17:07:24 | INFO | HomePage | Section class: XC54e7 vRd1kF
2026-01-23 17:07:24 | INFO | HomePage |  - Price......Min₹10000₹15000₹20000₹30000to₹10000₹15000₹20000₹30000₹30000+
2026-01-23 17:07:24 | INFO | HomePage | 
--- Section 19 ---
2026-01-23 17:07:24 | INFO | HomePage | Discount50% or more40% or more30% or more20% or more10% or more
2026-01-23 17:07:24 | INFO | HomePage | Section class: KNnSWQ vRd1kF
2026-01-23 17:07:24 | INFO | HomePage |  - Discount50% or more40% or more30% or more20% or more10% or more
2026-01-23 17:07:24 | INFO | HomePage | 
--- Section 20 ---
2026-01-23 17:07:24 | INFO | HomePage | Customer Ratings
2026-01-23 17:07:24 | INFO | HomePage | Section class: KNnSWQ vRd1kF
2026-01-23 17:07:24 | INFO | HomePage |  - Customer Ratings
2026-01-23 17:07:24 | INFO | HomePage | 
--- Section 21 ---
2026-01-23 17:07:24 | INFO | HomePage | ?
2026-01-23 17:07:24 | INFO | HomePage | Section class: vRd1kF J5IblS
2026-01-23 17:07:24 | INFO | HomePage |  - ?
2026-01-23 17:07:24 | INFO | HomePage | 
--- Section 22 ---
2026-01-23 17:07:24 | INFO | HomePage | Primary Camera
2026-01-23 17:07:24 | INFO | HomePage | Section class: KNnSWQ vRd1kF
2026-01-23 17:07:24 | INFO | HomePage |  - Primary Camera
2026-01-23 17:07:24 | INFO | HomePage | 
--- Section 23 ---
2026-01-23 17:07:24 | INFO | HomePage | Secondary Camera
2026-01-23 17:07:24 | INFO | HomePage | Section class: KNnSWQ vRd1kF
2026-01-23 17:07:24 | INFO | HomePage |  - Secondary Camera
2026-01-23 17:07:24 | INFO | HomePage | 
--- Section 24 ---
2026-01-23 17:07:24 | INFO | HomePage | Features
2026-01-23 17:07:24 | INFO | HomePage | Section class: KNnSWQ vRd1kF
2026-01-23 17:07:24 | INFO | HomePage |  - Features
2026-01-23 17:07:24 | INFO | HomePage | 
--- Section 25 ---
2026-01-23 17:07:24 | INFO | HomePage | OffersSpecial PriceBuy More, Save MoreNo Cost EMI
2026-01-23 17:07:24 | INFO | HomePage | Section class: KNnSWQ vRd1kF
2026-01-23 17:07:24 | INFO | HomePage |  - OffersSpecial PriceBuy More, Save MoreNo Cost EMI
2026-01-23 17:07:24 | INFO | HomePage | 
--- Section 26 ---
2026-01-23 17:07:24 | INFO | HomePage | GST Invoice Available
2026-01-23 17:07:24 | INFO | HomePage | Section class: KNnSWQ vRd1kF
2026-01-23 17:07:24 | INFO | HomePage |  - GST Invoice Available
2026-01-23 17:07:24 | INFO | HomePage | 
--- Section 27 ---
2026-01-23 17:07:24 | INFO | HomePage | Availability
2026-01-23 17:07:24 | INFO | HomePage | Section class: KNnSWQ vRd1kF
2026-01-23 17:07:24 | INFO | HomePage |  - Availability
2026-01-23 17:07:24 | INFO | HomePage | 
--- Section 28 ---
2026-01-23 17:07:24 | INFO | HomePage | Mobiles Price ListMobilesPriceMOTOROLA g57 power 5G (Pantone Fluidity, 128 GB)Rs. 13999MOTOROLA g57 power 5G (Pantone Regatta, 128 GB)Rs. 13999Nokia 105 Classic Single Sim Keypad Phone, Without ChargerRs. 994MOTOROLA Edge 60 Fusion 5G (PANTONE Amazonite, 256 GB)Rs. 21999realme P3 Lite 5G (Jade Green, 128 GB)Rs. 11999Apple iPhone 17 (Black, 256 GB)Rs. 82900vivo T4 Lite 5G Charger in the Box (Titanium Gold, 128 GB)Rs. 12999Samsung Music2 (SM-B310E)Rs. 869Samsung Music2 (SM-B310E)Rs. 890Ai+ Nova 5G (Black, 128 GB)Rs. 8499This data was last updated on 2026/01/23
2026-01-23 17:07:24 | INFO | HomePage | Section class: YuoVnd
2026-01-23 17:07:24 | INFO | HomePage |  - Mobiles Price ListMobilesPriceMOTOROLA g57 power 5G (Pantone Fluidity, 128 GB)Rs. 13999MOTOROLA g57 power 5G (Pantone Regatta, 128 GB)Rs. 13999Nokia 105 Classic Single Sim Keypad Phone, Without ChargerRs. 994MOTOROLA Edge 60 Fusion 5G (PANTONE Amazonite, 256 GB)Rs. 21999realme P3 Lite 5G (Jade Green, 128 GB)Rs. 11999Apple iPhone 17 (Black, 256 GB)Rs. 82900vivo T4 Lite 5G Charger in the Box (Titanium Gold, 128 GB)Rs. 12999Samsung Music2 (SM-B310E)Rs. 869Samsung Music2 (SM-B310E)Rs. 890Ai+ Nova 5G (Black, 128 GB)Rs. 8499This data was last updated on 2026/01/23
2026-01-23 17:07:24 | INFO | HomePage | 
--- Section 29 ---
2026-01-23 17:07:24 | INFO | HomePage | Question and AnswersQ.What are the different display options available on smartphones?A.Capacitive touchscreen LCD, IPS-LCD, AMOLED, OLED, and Super AMOLED are the different display types available in smart mobile phones.Q.What are the best display resolutions available on smartphones?A.You can find smartphones with HD, FHD, and HD+ resolutions. The higher the display resolution, the sharper the displayed content will appear on the screen.Q.What are the best quad-camera mobile phones available in India?A.Redmi Note 10S, Samsung Galaxy M32, POCO X3 Pro, vivo X70 Pro, and realme 8 are some of the best mobile phones with a quad-camera setup.Q.What is the benefit of fast charging in mobile phones?A.Fast charging enables the mobile phone to charge faster than the current charging standard, and it can significantly reduce the time you would typically require to charge your phone.Q.What are some important features to consider when buying a mobile phone?A.Before purchasing a mobile phone, you must ensure that you consider features and specifications such as the battery capacity, screen size, display type, camera quality, operating system, and SIM compatibility to ensure you purchase a variant that meets all your requirements.Q.What are the latest mobile models in 2026?A.iPhone 17, iPhone Air, iPhone 17 Pro, iPhone 17 Pro Max, realme 16 pro, realme 16 pro plus, oppo reno 15, oppo reno 15 pro, oppo reno 15 pro mini, poco m8 5g, tecno spark go 3, motorola signature, vivo X200T, realme P4 PowerQ.Which are the best mobile phone brands available in India?A.Samsung, iPhone, Redmi, Realme, and POCO are some of the best mobile phone brands available in the Indian market.Q.What is the minimum RAM capacity needed for a smartphone?A.4 GB of RAM is considered the bare minimum for a smartphoneQ.What influences the speed of a mobile phone?A.The number of processor cores and the higher clock speed of the processor cores can influence the speed of the mobile phone.Q.What are the best feature phones available in India?A.Nokia 6310, Nokia 105 SS 2021, Samsung Guru Music 2, and Samsung Metro 350 are some of the best feature phones available in India.Q.How much storage capacity can I expect in a mobile phone?A.Most smartphones come with an inbuilt storage capacity of 32 GB, 64 GB, and 128 GB. A few high-end models also feature 256 GB or 512 GB of storage capacity.
2026-01-23 17:07:24 | INFO | HomePage | Section class: gCRFJc
2026-01-23 17:07:24 | INFO | HomePage |  - Question and AnswersQ.What are the different display options available on smartphones?A.Capacitive touchscreen LCD, IPS-LCD, AMOLED, OLED, and Super AMOLED are the different display types available in smart mobile phones.Q.What are the best display resolutions available on smartphones?A.You can find smartphones with HD, FHD, and HD+ resolutions. The higher the display resolution, the sharper the displayed content will appear on the screen.Q.What are the best quad-camera mobile phones available in India?A.Redmi Note 10S, Samsung Galaxy M32, POCO X3 Pro, vivo X70 Pro, and realme 8 are some of the best mobile phones with a quad-camera setup.Q.What is the benefit of fast charging in mobile phones?A.Fast charging enables the mobile phone to charge faster than the current charging standard, and it can significantly reduce the time you would typically require to charge your phone.Q.What are some important features to consider when buying a mobile phone?A.Before purchasing a mobile phone, you must ensure that you consider features and specifications such as the battery capacity, screen size, display type, camera quality, operating system, and SIM compatibility to ensure you purchase a variant that meets all your requirements.Q.What are the latest mobile models in 2026?A.iPhone 17, iPhone Air, iPhone 17 Pro, iPhone 17 Pro Max, realme 16 pro, realme 16 pro plus, oppo reno 15, oppo reno 15 pro, oppo reno 15 pro mini, poco m8 5g, tecno spark go 3, motorola signature, vivo X200T, realme P4 PowerQ.Which are the best mobile phone brands available in India?A.Samsung, iPhone, Redmi, Realme, and POCO are some of the best mobile phone brands available in the Indian market.Q.What is the minimum RAM capacity needed for a smartphone?A.4 GB of RAM is considered the bare minimum for a smartphoneQ.What influences the speed of a mobile phone?A.The number of processor cores and the higher clock speed of the processor cores can influence the speed of the mobile phone.Q.What are the best feature phones available in India?A.Nokia 6310, Nokia 105 SS 2021, Samsung Guru Music 2, and Samsung Metro 350 are some of the best feature phones available in India.Q.How much storage capacity can I expect in a mobile phone?A.Most smartphones come with an inbuilt storage capacity of 32 GB, 64 GB, and 128 GB. A few high-end models also feature 256 GB or 512 GB of storage capacity.
2026-01-23 17:07:24 | INFO | fixtures.page_fixtures | Test PASSED: test_verify_home_page
2026-01-23 17:07:24 | INFO | fixtures.page_fixtures | Page closed successfully
2026-01-23 17:07:24 | INFO | fixtures.context_fixtures | Browser context closed [Worker: main]
2026-01-23 17:07:24 | INFO | fixtures.context_fixtures | --- Context teardown completed [Worker: main] ---
2026-01-23 17:07:24 | INFO | fixtures.browser_fixtures | Closing browser session...
2026-01-23 17:07:25 | INFO | fixtures.browser_fixtures | Browser closed successfully 🧹
2026-01-23 17:07:25 | INFO | fixtures.browser_fixtures | ========== Browser Session Finished ==========
2026-01-23 17:33:53 | INFO | conftest | ========== Initiating Automation Setup ==========
2026-01-23 17:33:53 | INFO | fixtures.auth_fixtures | Auth disabled (--use-auth not provided). Running anonymous session.
2026-01-23 17:33:53 | INFO | fixtures.browser_fixtures | ========== Browser Session Setup ==========
2026-01-23 17:33:53 | INFO | fixtures.browser_fixtures | Browser type       : chromium
2026-01-23 17:33:53 | INFO | fixtures.browser_fixtures | Headless mode      : False
2026-01-23 17:33:53 | INFO | fixtures.browser_fixtures | SlowMo             : 50
2026-01-23 17:33:53 | INFO | fixtures.browser_fixtures | Channel            : chrome
2026-01-23 17:33:53 | INFO | fixtures.browser_fixtures | Using CDP          : False
2026-01-23 17:33:53 | INFO | fixtures.browser_fixtures | Launching new browser instance...
2026-01-23 17:33:53 | INFO | fixtures.browser_fixtures | New browser launched successfully ✅
2026-01-23 17:33:53 | INFO | fixtures.context_fixtures | --- Context setup started [Worker: main] ---
2026-01-23 17:33:53 | INFO | fixtures.context_fixtures | Capture HAR    : False
2026-01-23 17:33:53 | INFO | fixtures.context_fixtures | Capture Trace  : False
2026-01-23 17:33:53 | INFO | fixtures.context_fixtures | Capture Video  : False
2026-01-23 17:33:53 | INFO | fixtures.context_fixtures | Auth Enabled   : False
2026-01-23 17:33:53 | INFO | fixtures.context_fixtures | No storage_state — running anonymous session
2026-01-23 17:33:54 | INFO | fixtures.context_fixtures | Browser context created successfully
2026-01-23 17:33:54 | INFO | fixtures.context_fixtures | Cookie consent injected
2026-01-23 17:33:54 | INFO | fixtures.page_fixtures | Creating new page...
2026-01-23 17:33:55 | INFO | fixtures.page_fixtures | New page created successfully
2026-01-23 17:33:55 | INFO | fixtures.page_fixtures | Navigating to base URL: https://www.flipkart.com/
2026-01-23 17:34:07 | INFO | HomePage | Redirected to url***https://www.flipkart.com/mobile-phones-store?param=4111&fm=neo%2Fmerchandising&iid=M_4e90bf52-243e-403e-a813-41f51a1050ad_1_X1NCR146KC29_MC.AH1NTIJZ241Z&cid=AH1NTIJZ241Z
2026-01-23 17:34:07 | INFO | HomePage | image name is ****** Flipkart
2026-01-23 17:34:07 | INFO | HomePage | image name is ****** d
2026-01-23 17:34:07 | INFO | HomePage | image name is ****** d
2026-01-23 17:34:07 | INFO | HomePage | image name is ****** d
2026-01-23 17:34:07 | INFO | HomePage | image name is ****** d
2026-01-23 17:34:07 | INFO | HomePage | image name is ****** s
2026-01-23 17:34:07 | INFO | HomePage | image name is ****** s
2026-01-23 17:34:07 | INFO | HomePage | image name is ****** d
2026-01-23 17:34:07 | INFO | HomePage | image name is ****** d
2026-01-23 17:34:07 | INFO | HomePage | image name is ****** d
2026-01-23 17:34:07 | INFO | HomePage | image name is ****** d
2026-01-23 17:34:07 | INFO | HomePage | image name is ****** q
2026-01-23 17:34:07 | INFO | HomePage | image name is ****** q
2026-01-23 17:34:07 | INFO | HomePage | image name is ****** vivo-X200T-CLP-Tsr-EB- 20th
2026-01-23 17:34:07 | INFO | HomePage | image name is ****** vivo-X200T-CLP-Tsr-EB- 20th
2026-01-23 17:34:07 | INFO | HomePage | image name is ****** a
2026-01-23 17:34:07 | INFO | HomePage | image name is ****** a
2026-01-23 17:34:07 | INFO | HomePage | image name is ****** f
2026-01-23 17:34:07 | INFO | HomePage | image name is ****** f
2026-01-23 17:34:07 | INFO | HomePage | image name is ****** d
2026-01-23 17:34:07 | INFO | HomePage | image name is ****** d
2026-01-23 17:34:07 | INFO | HomePage | image name is ****** Samsung-Galaxy S24 5G
2026-01-23 17:34:07 | INFO | HomePage | image name is ****** Samsung-Galaxy S24 5G
2026-01-23 17:34:07 | INFO | HomePage | image name is ****** 1
2026-01-23 17:34:07 | INFO | HomePage | image name is ****** 1
2026-01-23 17:34:07 | INFO | HomePage | image name is ****** Google-Pixel 9a
2026-01-23 17:34:07 | INFO | HomePage | image name is ****** Google-Pixel 9a
2026-01-23 17:34:07 | INFO | HomePage | image name is ****** Apple-iPhone 16
2026-01-23 17:34:07 | INFO | HomePage | image name is ****** Apple-iPhone 16
2026-01-23 17:34:07 | INFO | HomePage | image name is ****** sa
2026-01-23 17:34:07 | INFO | HomePage | image name is ****** sa
2026-01-23 17:34:07 | INFO | HomePage | image name is ****** 1
2026-01-23 17:34:07 | INFO | HomePage | image name is ****** 1
2026-01-23 17:34:07 | INFO | HomePage | image name is ****** s
2026-01-23 17:34:07 | INFO | HomePage | image name is ****** s
2026-01-23 17:34:07 | INFO | HomePage | image name is ****** 1
2026-01-23 17:34:07 | INFO | HomePage | image name is ****** 1
2026-01-23 17:34:07 | INFO | HomePage | image name is ****** 1
2026-01-23 17:34:07 | INFO | HomePage | image name is ****** 1
2026-01-23 17:34:07 | INFO | HomePage | image name is ****** 1
2026-01-23 17:34:07 | INFO | HomePage | image name is ****** 1
2026-01-23 17:34:07 | INFO | HomePage | image name is ****** 1
2026-01-23 17:34:07 | INFO | HomePage | image name is ****** 1
2026-01-23 17:34:07 | INFO | HomePage | image name is ****** Vivo-T4R
2026-01-23 17:34:07 | INFO | HomePage | image name is ****** Vivo-T4R
2026-01-23 17:34:07 | INFO | HomePage | image name is ****** 1
2026-01-23 17:34:07 | INFO | HomePage | image name is ****** 1
2026-01-23 17:34:07 | INFO | HomePage | image name is ****** Motorola-G96 5G
2026-01-23 17:34:07 | INFO | HomePage | image name is ****** Motorola-G96 5G
2026-01-23 17:34:07 | INFO | HomePage | image name is ****** i
2026-01-23 17:34:07 | INFO | HomePage | image name is ****** i
2026-01-23 17:34:07 | INFO | HomePage | image name is ****** 1
2026-01-23 17:34:07 | INFO | HomePage | image name is ****** 1
2026-01-23 17:34:07 | INFO | HomePage | image name is ****** 1
2026-01-23 17:34:07 | INFO | HomePage | image name is ****** 1
2026-01-23 17:34:07 | INFO | HomePage | image name is ****** Moto-G57-Power
2026-01-23 17:34:07 | INFO | HomePage | image name is ****** Moto-G57-Power
2026-01-23 17:34:07 | INFO | HomePage | image name is ****** 1
2026-01-23 17:34:07 | INFO | HomePage | image name is ****** 1
2026-01-23 17:34:07 | INFO | HomePage | image name is ****** as
2026-01-23 17:34:07 | INFO | HomePage | image name is ****** as
2026-01-23 17:34:07 | INFO | HomePage | image name is ****** vbn
2026-01-23 17:34:07 | INFO | HomePage | image name is ****** vbn
2026-01-23 17:34:07 | INFO | HomePage | image name is ****** a
2026-01-23 17:34:07 | INFO | HomePage | image name is ****** a
2026-01-23 17:34:07 | INFO | HomePage | image name is ****** q
2026-01-23 17:34:07 | INFO | HomePage | image name is ****** q
2026-01-23 17:34:07 | INFO | HomePage | image name is ****** a
2026-01-23 17:34:07 | INFO | HomePage | image name is ****** a
2026-01-23 17:34:07 | INFO | HomePage | image name is ****** a
2026-01-23 17:34:07 | INFO | HomePage | image name is ****** a
2026-01-23 17:34:07 | INFO | HomePage | image name is ****** a
2026-01-23 17:34:07 | INFO | HomePage | image name is ****** a
2026-01-23 17:34:07 | INFO | HomePage | image name is ****** a
2026-01-23 17:34:07 | INFO | HomePage | image name is ****** a
2026-01-23 17:34:07 | INFO | HomePage | image name is ****** a
2026-01-23 17:34:07 | INFO | HomePage | image name is ****** a
2026-01-23 17:34:07 | INFO | HomePage | image name is ****** motorola-Edge 7
2026-01-23 17:34:07 | INFO | HomePage | image name is ****** motorola-Edge 7
2026-01-23 17:34:07 | INFO | HomePage | image name is ****** a
2026-01-23 17:34:07 | INFO | HomePage | image name is ****** a
2026-01-23 17:34:07 | INFO | HomePage | image name is ****** i
2026-01-23 17:34:07 | INFO | HomePage | image name is ****** i
2026-01-23 17:34:07 | INFO | HomePage | Found 2 select elements
2026-01-23 17:34:07 | INFO | HomePage | Select class: hbnjE2
2026-01-23 17:34:07 | INFO | HomePage |  - Min
2026-01-23 17:34:07 | INFO | HomePage |  - ₹10000
2026-01-23 17:34:07 | INFO | HomePage |  - ₹15000
2026-01-23 17:34:07 | INFO | HomePage |  - ₹20000
2026-01-23 17:34:07 | INFO | HomePage |  - ₹30000
2026-01-23 17:34:07 | INFO | HomePage | Select class: hbnjE2
2026-01-23 17:34:07 | INFO | HomePage |  - ₹10000
2026-01-23 17:34:07 | INFO | HomePage |  - ₹15000
2026-01-23 17:34:07 | INFO | HomePage |  - ₹20000
2026-01-23 17:34:07 | INFO | HomePage |  - ₹30000
2026-01-23 17:34:07 | INFO | HomePage |  - ₹30000+
2026-01-23 17:34:07 | INFO | HomePage | Found 29 Section elements
2026-01-23 17:34:07 | INFO | HomePage | 
--- Section 1 ---
2026-01-23 17:34:07 | INFO | HomePage | Filters
2026-01-23 17:34:07 | INFO | HomePage | Section class: JPBFuF vRd1kF
2026-01-23 17:34:17 | INFO | HomePage |  - Filters
2026-01-23 17:34:17 | INFO | HomePage | 
--- Section 2 ---
2026-01-23 17:34:17 | INFO | HomePage | CATEGORIESMobiles & AccessoriesMobiles
2026-01-23 17:34:17 | INFO | HomePage | Section class: EbGpCV
2026-01-23 17:34:27 | INFO | HomePage |  - CATEGORIESMobiles & AccessoriesMobiles
2026-01-23 17:34:27 | INFO | HomePage | 
--- Section 3 ---
2026-01-23 17:34:27 | INFO | HomePage | BrandAppleGoogleMOTOROLAvivoOPPOInfinix137 MORE
2026-01-23 17:34:27 | INFO | HomePage | Section class: KNnSWQ vRd1kF
2026-01-23 17:34:37 | INFO | HomePage |  - BrandAppleGoogleMOTOROLAvivoOPPOInfinix137 MORE
2026-01-23 17:34:37 | INFO | HomePage | 
--- Section 4 ---
2026-01-23 17:34:37 | INFO | HomePage | RAM4 GB3 GB2 GB1GB and Below8 GB and Above6 GB
2026-01-23 17:34:37 | INFO | HomePage | Section class: KNnSWQ vRd1kF
2026-01-23 17:34:47 | INFO | HomePage |  - RAM4 GB3 GB2 GB1GB and Below8 GB and Above6 GB
2026-01-23 17:34:47 | INFO | HomePage | 
--- Section 5 ---
2026-01-23 17:34:47 | INFO | HomePage | Network Type
2026-01-23 17:34:47 | INFO | HomePage | Section class: KNnSWQ vRd1kF
2026-01-23 17:34:52 | INFO | fixtures.page_fixtures | Test PASSED: test_verify_home_page
2026-01-23 17:34:52 | INFO | fixtures.context_fixtures | Browser context closed [Worker: main]
2026-01-23 17:34:52 | INFO | fixtures.context_fixtures | --- Context teardown completed [Worker: main] ---
2026-01-23 17:34:52 | INFO | fixtures.browser_fixtures | Closing browser session...
2026-01-23 17:37:05 | INFO | conftest | ========== Initiating Automation Setup ==========
2026-01-23 17:37:05 | INFO | fixtures.auth_fixtures | Auth disabled (--use-auth not provided). Running anonymous session.
2026-01-23 17:37:05 | INFO | fixtures.browser_fixtures | ========== Browser Session Setup ==========
2026-01-23 17:37:05 | INFO | fixtures.browser_fixtures | Browser type       : chromium
2026-01-23 17:37:05 | INFO | fixtures.browser_fixtures | Headless mode      : False
2026-01-23 17:37:05 | INFO | fixtures.browser_fixtures | SlowMo             : 50
2026-01-23 17:37:05 | INFO | fixtures.browser_fixtures | Channel            : chrome
2026-01-23 17:37:05 | INFO | fixtures.browser_fixtures | Using CDP          : False
2026-01-23 17:37:05 | INFO | fixtures.browser_fixtures | Launching new browser instance...
2026-01-23 17:37:06 | INFO | fixtures.browser_fixtures | New browser launched successfully ✅
2026-01-23 17:37:06 | INFO | fixtures.context_fixtures | --- Context setup started [Worker: main] ---
2026-01-23 17:37:06 | INFO | fixtures.context_fixtures | Capture HAR    : False
2026-01-23 17:37:06 | INFO | fixtures.context_fixtures | Capture Trace  : False
2026-01-23 17:37:06 | INFO | fixtures.context_fixtures | Capture Video  : False
2026-01-23 17:37:06 | INFO | fixtures.context_fixtures | Auth Enabled   : False
2026-01-23 17:37:06 | INFO | fixtures.context_fixtures | No storage_state — running anonymous session
2026-01-23 17:37:06 | INFO | fixtures.context_fixtures | Browser context created successfully
2026-01-23 17:37:06 | INFO | fixtures.context_fixtures | Cookie consent injected
2026-01-23 17:37:06 | INFO | fixtures.page_fixtures | Creating new page...
2026-01-23 17:37:07 | INFO | fixtures.page_fixtures | New page created successfully
2026-01-23 17:37:07 | INFO | fixtures.page_fixtures | Navigating to base URL: https://www.flipkart.com/
2026-01-23 17:37:20 | INFO | HomePage | Redirected to url***https://www.flipkart.com/mobile-phones-store?param=4111&fm=neo%2Fmerchandising&iid=M_2b0c5ef3-2357-400b-a016-a9280d2cfbff_1_X1NCR146KC29_MC.AH1NTIJZ241Z&cid=AH1NTIJZ241Z
2026-01-23 17:37:20 | INFO | HomePage | image name is ****** Flipkart
2026-01-23 17:37:20 | INFO | HomePage | image name is ****** d
2026-01-23 17:37:20 | INFO | HomePage | image name is ****** d
2026-01-23 17:37:20 | INFO | HomePage | image name is ****** d
2026-01-23 17:37:20 | INFO | HomePage | image name is ****** d
2026-01-23 17:37:20 | INFO | HomePage | image name is ****** s
2026-01-23 17:37:20 | INFO | HomePage | image name is ****** s
2026-01-23 17:37:20 | INFO | HomePage | image name is ****** d
2026-01-23 17:37:20 | INFO | HomePage | image name is ****** d
2026-01-23 17:37:20 | INFO | HomePage | image name is ****** d
2026-01-23 17:37:20 | INFO | HomePage | image name is ****** d
2026-01-23 17:37:20 | INFO | HomePage | image name is ****** q
2026-01-23 17:37:20 | INFO | HomePage | image name is ****** q
2026-01-23 17:37:20 | INFO | HomePage | image name is ****** vivo-X200T-CLP-Tsr-EB- 20th
2026-01-23 17:37:20 | INFO | HomePage | image name is ****** vivo-X200T-CLP-Tsr-EB- 20th
2026-01-23 17:37:20 | INFO | HomePage | image name is ****** a
2026-01-23 17:37:20 | INFO | HomePage | image name is ****** a
2026-01-23 17:37:20 | INFO | HomePage | image name is ****** f
2026-01-23 17:37:20 | INFO | HomePage | image name is ****** f
2026-01-23 17:37:20 | INFO | HomePage | image name is ****** d
2026-01-23 17:37:20 | INFO | HomePage | image name is ****** d
2026-01-23 17:37:20 | INFO | HomePage | image name is ****** Samsung-Galaxy S24 5G
2026-01-23 17:37:20 | INFO | HomePage | image name is ****** Samsung-Galaxy S24 5G
2026-01-23 17:37:20 | INFO | HomePage | image name is ****** 1
2026-01-23 17:37:20 | INFO | HomePage | image name is ****** 1
2026-01-23 17:37:20 | INFO | HomePage | image name is ****** Google-Pixel 9a
2026-01-23 17:37:20 | INFO | HomePage | image name is ****** Google-Pixel 9a
2026-01-23 17:37:20 | INFO | HomePage | image name is ****** Apple-iPhone 16
2026-01-23 17:37:20 | INFO | HomePage | image name is ****** Apple-iPhone 16
2026-01-23 17:37:20 | INFO | HomePage | image name is ****** sa
2026-01-23 17:37:20 | INFO | HomePage | image name is ****** sa
2026-01-23 17:37:20 | INFO | HomePage | image name is ****** 1
2026-01-23 17:37:20 | INFO | HomePage | image name is ****** 1
2026-01-23 17:37:20 | INFO | HomePage | image name is ****** s
2026-01-23 17:37:20 | INFO | HomePage | image name is ****** s
2026-01-23 17:37:20 | INFO | HomePage | image name is ****** 1
2026-01-23 17:37:20 | INFO | HomePage | image name is ****** 1
2026-01-23 17:37:20 | INFO | HomePage | image name is ****** 1
2026-01-23 17:37:20 | INFO | HomePage | image name is ****** 1
2026-01-23 17:37:20 | INFO | HomePage | image name is ****** 1
2026-01-23 17:37:20 | INFO | HomePage | image name is ****** 1
2026-01-23 17:37:20 | INFO | HomePage | image name is ****** 1
2026-01-23 17:37:20 | INFO | HomePage | image name is ****** 1
2026-01-23 17:37:20 | INFO | HomePage | image name is ****** Vivo-T4R
2026-01-23 17:37:20 | INFO | HomePage | image name is ****** Vivo-T4R
2026-01-23 17:37:20 | INFO | HomePage | image name is ****** 1
2026-01-23 17:37:20 | INFO | HomePage | image name is ****** 1
2026-01-23 17:37:20 | INFO | HomePage | image name is ****** Motorola-G96 5G
2026-01-23 17:37:20 | INFO | HomePage | image name is ****** Motorola-G96 5G
2026-01-23 17:37:20 | INFO | HomePage | image name is ****** i
2026-01-23 17:37:20 | INFO | HomePage | image name is ****** i
2026-01-23 17:37:20 | INFO | HomePage | image name is ****** 1
2026-01-23 17:37:20 | INFO | HomePage | image name is ****** 1
2026-01-23 17:37:20 | INFO | HomePage | image name is ****** 1
2026-01-23 17:37:20 | INFO | HomePage | image name is ****** 1
2026-01-23 17:37:20 | INFO | HomePage | image name is ****** Moto-G57-Power
2026-01-23 17:37:20 | INFO | HomePage | image name is ****** Moto-G57-Power
2026-01-23 17:37:20 | INFO | HomePage | image name is ****** 1
2026-01-23 17:37:20 | INFO | HomePage | image name is ****** 1
2026-01-23 17:37:20 | INFO | HomePage | image name is ****** a
2026-01-23 17:37:20 | INFO | HomePage | image name is ****** a
2026-01-23 17:37:20 | INFO | HomePage | image name is ****** vbn
2026-01-23 17:37:20 | INFO | HomePage | image name is ****** vbn
2026-01-23 17:37:20 | INFO | HomePage | image name is ****** as
2026-01-23 17:37:20 | INFO | HomePage | image name is ****** as
2026-01-23 17:37:20 | INFO | HomePage | image name is ****** q
2026-01-23 17:37:20 | INFO | HomePage | image name is ****** q
2026-01-23 17:37:20 | INFO | HomePage | image name is ****** a
2026-01-23 17:37:20 | INFO | HomePage | image name is ****** a
2026-01-23 17:37:20 | INFO | HomePage | image name is ****** a
2026-01-23 17:37:20 | INFO | HomePage | image name is ****** a
2026-01-23 17:37:20 | INFO | HomePage | image name is ****** a
2026-01-23 17:37:20 | INFO | HomePage | image name is ****** a
2026-01-23 17:37:20 | INFO | HomePage | image name is ****** a
2026-01-23 17:37:20 | INFO | HomePage | image name is ****** a
2026-01-23 17:37:20 | INFO | HomePage | image name is ****** a
2026-01-23 17:37:20 | INFO | HomePage | image name is ****** a
2026-01-23 17:37:20 | INFO | HomePage | image name is ****** motorola-Edge 7
2026-01-23 17:37:20 | INFO | HomePage | image name is ****** motorola-Edge 7
2026-01-23 17:37:20 | INFO | HomePage | image name is ****** a
2026-01-23 17:37:20 | INFO | HomePage | image name is ****** a
2026-01-23 17:37:20 | INFO | HomePage | image name is ****** i
2026-01-23 17:37:20 | INFO | HomePage | image name is ****** i
2026-01-23 17:37:20 | INFO | HomePage | Found 2 select elements
2026-01-23 17:37:20 | INFO | HomePage | Select class: hbnjE2
2026-01-23 17:37:20 | INFO | HomePage |  - Min
2026-01-23 17:37:20 | INFO | HomePage |  - ₹10000
2026-01-23 17:37:20 | INFO | HomePage |  - ₹15000
2026-01-23 17:37:20 | INFO | HomePage |  - ₹20000
2026-01-23 17:37:20 | INFO | HomePage |  - ₹30000
2026-01-23 17:37:20 | INFO | HomePage | Select class: hbnjE2
2026-01-23 17:37:20 | INFO | HomePage |  - ₹10000
2026-01-23 17:37:20 | INFO | HomePage |  - ₹15000
2026-01-23 17:37:20 | INFO | HomePage |  - ₹20000
2026-01-23 17:37:20 | INFO | HomePage |  - ₹30000
2026-01-23 17:37:20 | INFO | HomePage |  - ₹30000+
2026-01-23 17:37:20 | INFO | HomePage | Found 29 Section elements
2026-01-23 17:37:20 | INFO | HomePage | 
--- Section 1 ---
2026-01-23 17:37:20 | INFO | HomePage | Section class: JPBFuF vRd1kF
2026-01-23 17:37:20 | INFO | HomePage | Filters
2026-01-23 17:37:20 | INFO | HomePage |  - Section 1 processed
2026-01-23 17:37:20 | INFO | HomePage | 
--- Section 2 ---
2026-01-23 17:37:20 | INFO | HomePage | Section class: EbGpCV
2026-01-23 17:37:20 | INFO | HomePage | CATEGORIES
Mobiles & Accessories
Mobiles
2026-01-23 17:37:20 | INFO | HomePage |  - Section 2 processed
2026-01-23 17:37:20 | INFO | HomePage | 
--- Section 3 ---
2026-01-23 17:37:20 | INFO | HomePage | Section class: KNnSWQ vRd1kF
2026-01-23 17:37:20 | INFO | HomePage | BRAND
Apple
Google
MOTOROLA
vivo
OPPO
Infinix
137 MORE
2026-01-23 17:37:31 | INFO | HomePage | Clicked section containing 'Apple'
2026-01-23 17:37:31 | INFO | HomePage |  - Section 3 processed
2026-01-23 17:37:31 | INFO | HomePage | 
--- Section 4 ---
2026-01-23 17:37:31 | INFO | HomePage | Section class: KNnSWQ vRd1kF
2026-01-23 17:37:31 | INFO | HomePage | RAM
4 GB
3 GB
2 GB
8 GB and Above
6 GB
1GB and Below
2026-01-23 17:37:31 | INFO | HomePage |  - Section 4 processed
2026-01-23 17:37:31 | INFO | HomePage | 
--- Section 5 ---
2026-01-23 17:37:31 | INFO | HomePage | Section class: KNnSWQ vRd1kF
2026-01-23 17:37:31 | INFO | HomePage | NETWORK TYPE
2026-01-23 17:37:31 | INFO | HomePage |  - Section 5 processed
2026-01-23 17:37:31 | INFO | HomePage | 
--- Section 6 ---
2026-01-23 17:37:31 | INFO | HomePage | Section class: KNnSWQ vRd1kF
2026-01-23 17:37:31 | INFO | HomePage | INTERNAL STORAGE
2026-01-23 17:37:31 | INFO | HomePage |  - Section 6 processed
2026-01-23 17:37:31 | INFO | HomePage | 
--- Section 7 ---
2026-01-23 17:37:31 | INFO | HomePage | Section class: KNnSWQ vRd1kF
2026-01-23 17:37:31 | INFO | HomePage | TYPE
2026-01-23 17:37:31 | INFO | HomePage |  - Section 7 processed
2026-01-23 17:37:31 | INFO | HomePage | 
--- Section 8 ---
2026-01-23 17:37:31 | INFO | HomePage | Section class: KNnSWQ vRd1kF
2026-01-23 17:37:31 | INFO | HomePage | PROCESSOR BRAND
2026-01-23 17:37:31 | INFO | HomePage |  - Section 8 processed
2026-01-23 17:37:31 | INFO | HomePage | 
--- Section 9 ---
2026-01-23 17:37:31 | INFO | HomePage | Section class: KNnSWQ vRd1kF
2026-01-23 17:37:31 | INFO | HomePage | CLOCK SPEED
2026-01-23 17:37:31 | INFO | HomePage |  - Section 9 processed
2026-01-23 17:37:31 | INFO | HomePage | 
--- Section 10 ---
2026-01-23 17:37:31 | INFO | HomePage | Section class: KNnSWQ vRd1kF
2026-01-23 17:37:31 | INFO | HomePage | OPERATING SYSTEM
2026-01-23 17:37:31 | INFO | HomePage |  - Section 10 processed
2026-01-23 17:37:31 | INFO | HomePage | 
--- Section 11 ---
2026-01-23 17:37:31 | INFO | HomePage | Section class: KNnSWQ vRd1kF
2026-01-23 17:37:31 | INFO | HomePage | BATTERY CAPACITY
2026-01-23 17:37:31 | INFO | HomePage |  - Section 11 processed
2026-01-23 17:37:31 | INFO | HomePage | 
--- Section 12 ---
2026-01-23 17:37:31 | INFO | HomePage | Section class: KNnSWQ vRd1kF
2026-01-23 17:37:31 | INFO | HomePage | SPECIALITY
2026-01-23 17:37:31 | INFO | HomePage |  - Section 12 processed
2026-01-23 17:37:31 | INFO | HomePage | 
--- Section 13 ---
2026-01-23 17:37:31 | INFO | HomePage | Section class: KNnSWQ vRd1kF
2026-01-23 17:37:31 | INFO | HomePage | RESOLUTION TYPE
2026-01-23 17:37:31 | INFO | HomePage |  - Section 13 processed
2026-01-23 17:37:31 | INFO | HomePage | 
--- Section 14 ---
2026-01-23 17:37:31 | INFO | HomePage | Section class: KNnSWQ vRd1kF
2026-01-23 17:37:31 | INFO | HomePage | SIM TYPE
2026-01-23 17:37:31 | INFO | HomePage |  - Section 14 processed
2026-01-23 17:37:31 | INFO | HomePage | 
--- Section 15 ---
2026-01-23 17:37:31 | INFO | HomePage | Section class: KNnSWQ vRd1kF
2026-01-23 17:37:31 | INFO | HomePage | SCREEN SIZE
2026-01-23 17:37:31 | INFO | HomePage |  - Section 15 processed
2026-01-23 17:37:31 | INFO | HomePage | 
--- Section 16 ---
2026-01-23 17:37:31 | INFO | HomePage | Section class: KNnSWQ vRd1kF
2026-01-23 17:37:31 | INFO | HomePage | OPERATING SYSTEM VERSION NAME
2026-01-23 17:37:31 | INFO | HomePage |  - Section 16 processed
2026-01-23 17:37:31 | INFO | HomePage | 
--- Section 17 ---
2026-01-23 17:37:31 | INFO | HomePage | Section class: KNnSWQ vRd1kF
2026-01-23 17:37:31 | INFO | HomePage | NUMBER OF CORES
2026-01-23 17:37:31 | INFO | HomePage |  - Section 17 processed
2026-01-23 17:37:31 | INFO | HomePage | 
--- Section 18 ---
2026-01-23 17:37:31 | INFO | HomePage | Section class: XC54e7 vRd1kF
2026-01-23 17:37:31 | INFO | HomePage | PRICE
......
Min
₹10000
₹15000
₹20000
₹30000
to
₹10000
₹15000
₹20000
₹30000
₹30000+
2026-01-23 17:37:31 | INFO | HomePage |  - Section 18 processed
2026-01-23 17:37:31 | INFO | HomePage | 
--- Section 19 ---
2026-01-23 17:37:31 | INFO | HomePage | Section class: KNnSWQ vRd1kF
2026-01-23 17:37:31 | INFO | HomePage | DISCOUNT
50% or more
40% or more
30% or more
20% or more
10% or more
2026-01-23 17:37:31 | INFO | HomePage |  - Section 19 processed
2026-01-23 17:37:31 | INFO | HomePage | 
--- Section 20 ---
2026-01-23 17:37:31 | INFO | HomePage | Section class: KNnSWQ vRd1kF
2026-01-23 17:37:31 | INFO | HomePage | CUSTOMER RATINGS
2026-01-23 17:37:31 | INFO | HomePage |  - Section 20 processed
2026-01-23 17:37:31 | INFO | HomePage | 
--- Section 21 ---
2026-01-23 17:37:31 | INFO | HomePage | Section class: vRd1kF J5IblS
2026-01-23 17:37:31 | INFO | HomePage | ?
2026-01-23 17:37:31 | INFO | HomePage |  - Section 21 processed
2026-01-23 17:37:31 | INFO | HomePage | 
--- Section 22 ---
2026-01-23 17:37:31 | INFO | HomePage | Section class: KNnSWQ vRd1kF
2026-01-23 17:37:31 | INFO | HomePage | PRIMARY CAMERA
2026-01-23 17:37:31 | INFO | HomePage |  - Section 22 processed
2026-01-23 17:37:31 | INFO | HomePage | 
--- Section 23 ---
2026-01-23 17:37:31 | INFO | HomePage | Section class: KNnSWQ vRd1kF
2026-01-23 17:37:31 | INFO | HomePage | SECONDARY CAMERA
2026-01-23 17:37:31 | INFO | HomePage |  - Section 23 processed
2026-01-23 17:37:31 | INFO | HomePage | 
--- Section 24 ---
2026-01-23 17:37:31 | INFO | HomePage | Section class: KNnSWQ vRd1kF
2026-01-23 17:37:31 | INFO | HomePage | FEATURES
2026-01-23 17:37:31 | INFO | HomePage |  - Section 24 processed
2026-01-23 17:37:31 | INFO | HomePage | 
--- Section 25 ---
2026-01-23 17:37:31 | INFO | HomePage | Section class: KNnSWQ vRd1kF
2026-01-23 17:37:31 | INFO | HomePage | OFFERS
Special Price
Buy More, Save More
No Cost EMI
2026-01-23 17:37:31 | INFO | HomePage |  - Section 25 processed
2026-01-23 17:37:31 | INFO | HomePage | 
--- Section 26 ---
2026-01-23 17:37:31 | INFO | HomePage | Section class: KNnSWQ vRd1kF
2026-01-23 17:37:31 | INFO | HomePage | GST INVOICE AVAILABLE
2026-01-23 17:37:31 | INFO | HomePage |  - Section 26 processed
2026-01-23 17:37:31 | INFO | HomePage | 
--- Section 27 ---
2026-01-23 17:37:31 | INFO | HomePage | Section class: KNnSWQ vRd1kF
2026-01-23 17:37:31 | INFO | HomePage | AVAILABILITY
2026-01-23 17:37:31 | INFO | HomePage |  - Section 27 processed
2026-01-23 17:38:01 | ERROR | fixtures.page_fixtures | Test FAILED: test_verify_home_page
2026-01-23 17:38:01 | INFO | fixtures.page_fixtures | Capturing screenshot for failed test...
2026-01-23 17:38:04 | INFO | fixtures.page_fixtures | Failure screenshot attached to Allure report
2026-01-23 17:38:04 | INFO | fixtures.page_fixtures | Page closed successfully
2026-01-23 17:38:04 | INFO | fixtures.context_fixtures | Browser context closed [Worker: main]
2026-01-23 17:38:04 | INFO | fixtures.context_fixtures | --- Context teardown completed [Worker: main] ---
2026-01-23 17:38:04 | INFO | fixtures.browser_fixtures | Closing browser session...
2026-01-23 17:38:04 | INFO | fixtures.browser_fixtures | Browser closed successfully 🧹
2026-01-23 17:38:04 | INFO | fixtures.browser_fixtures | ========== Browser Session Finished ==========
2026-01-23 17:38:48 | INFO | conftest | ========== Initiating Automation Setup ==========
2026-01-23 17:38:48 | INFO | fixtures.auth_fixtures | Auth disabled (--use-auth not provided). Running anonymous session.
2026-01-23 17:38:48 | INFO | fixtures.browser_fixtures | ========== Browser Session Setup ==========
2026-01-23 17:38:48 | INFO | fixtures.browser_fixtures | Browser type       : chromium
2026-01-23 17:38:48 | INFO | fixtures.browser_fixtures | Headless mode      : False
2026-01-23 17:38:48 | INFO | fixtures.browser_fixtures | SlowMo             : 50
2026-01-23 17:38:48 | INFO | fixtures.browser_fixtures | Channel            : chrome
2026-01-23 17:38:48 | INFO | fixtures.browser_fixtures | Using CDP          : False
2026-01-23 17:38:48 | INFO | fixtures.browser_fixtures | Launching new browser instance...
2026-01-23 17:38:49 | INFO | fixtures.browser_fixtures | New browser launched successfully ✅
2026-01-23 17:38:49 | INFO | fixtures.context_fixtures | --- Context setup started [Worker: main] ---
2026-01-23 17:38:49 | INFO | fixtures.context_fixtures | Capture HAR    : False
2026-01-23 17:38:49 | INFO | fixtures.context_fixtures | Capture Trace  : False
2026-01-23 17:38:49 | INFO | fixtures.context_fixtures | Capture Video  : False
2026-01-23 17:38:49 | INFO | fixtures.context_fixtures | Auth Enabled   : False
2026-01-23 17:38:49 | INFO | fixtures.context_fixtures | No storage_state — running anonymous session
2026-01-23 17:38:49 | INFO | fixtures.context_fixtures | Browser context created successfully
2026-01-23 17:38:49 | INFO | fixtures.context_fixtures | Cookie consent injected
2026-01-23 17:38:49 | INFO | fixtures.page_fixtures | Creating new page...
2026-01-23 17:38:50 | INFO | fixtures.page_fixtures | New page created successfully
2026-01-23 17:38:50 | INFO | fixtures.page_fixtures | Navigating to base URL: https://www.flipkart.com/
2026-01-23 17:39:06 | INFO | HomePage | Redirected to url***https://www.flipkart.com/mobile-phones-store?param=4111&fm=neo%2Fmerchandising&iid=M_4d8a6b6e-b8dc-47f9-8729-36dc89f30f7d_1_X1NCR146KC29_MC.AH1NTIJZ241Z&cid=AH1NTIJZ241Z
2026-01-23 17:39:06 | INFO | HomePage | image name is ****** Flipkart
2026-01-23 17:39:06 | INFO | HomePage | image name is ****** d
2026-01-23 17:39:06 | INFO | HomePage | image name is ****** d
2026-01-23 17:39:06 | INFO | HomePage | image name is ****** d
2026-01-23 17:39:06 | INFO | HomePage | image name is ****** d
2026-01-23 17:39:06 | INFO | HomePage | image name is ****** s
2026-01-23 17:39:06 | INFO | HomePage | image name is ****** s
2026-01-23 17:39:06 | INFO | HomePage | image name is ****** d
2026-01-23 17:39:06 | INFO | HomePage | image name is ****** d
2026-01-23 17:39:06 | INFO | HomePage | image name is ****** d
2026-01-23 17:39:06 | INFO | HomePage | image name is ****** d
2026-01-23 17:39:06 | INFO | HomePage | image name is ****** q
2026-01-23 17:39:06 | INFO | HomePage | image name is ****** q
2026-01-23 17:39:06 | INFO | HomePage | image name is ****** vivo-X200T-CLP-Tsr-EB- 20th
2026-01-23 17:39:06 | INFO | HomePage | image name is ****** vivo-X200T-CLP-Tsr-EB- 20th
2026-01-23 17:39:06 | INFO | HomePage | image name is ****** a
2026-01-23 17:39:06 | INFO | HomePage | image name is ****** a
2026-01-23 17:39:06 | INFO | HomePage | image name is ****** f
2026-01-23 17:39:06 | INFO | HomePage | image name is ****** f
2026-01-23 17:39:06 | INFO | HomePage | image name is ****** d
2026-01-23 17:39:06 | INFO | HomePage | image name is ****** d
2026-01-23 17:39:06 | INFO | HomePage | image name is ****** Samsung-Galaxy S24 5G
2026-01-23 17:39:06 | INFO | HomePage | image name is ****** Samsung-Galaxy S24 5G
2026-01-23 17:39:06 | INFO | HomePage | image name is ****** 1
2026-01-23 17:39:06 | INFO | HomePage | image name is ****** 1
2026-01-23 17:39:06 | INFO | HomePage | image name is ****** Google-Pixel 9a
2026-01-23 17:39:06 | INFO | HomePage | image name is ****** Google-Pixel 9a
2026-01-23 17:39:06 | INFO | HomePage | image name is ****** Apple-iPhone 16
2026-01-23 17:39:06 | INFO | HomePage | image name is ****** Apple-iPhone 16
2026-01-23 17:39:06 | INFO | HomePage | image name is ****** sa
2026-01-23 17:39:06 | INFO | HomePage | image name is ****** sa
2026-01-23 17:39:06 | INFO | HomePage | image name is ****** 1
2026-01-23 17:39:06 | INFO | HomePage | image name is ****** 1
2026-01-23 17:39:06 | INFO | HomePage | image name is ****** s
2026-01-23 17:39:06 | INFO | HomePage | image name is ****** s
2026-01-23 17:39:06 | INFO | HomePage | image name is ****** 1
2026-01-23 17:39:06 | INFO | HomePage | image name is ****** 1
2026-01-23 17:39:06 | INFO | HomePage | image name is ****** 1
2026-01-23 17:39:06 | INFO | HomePage | image name is ****** 1
2026-01-23 17:39:06 | INFO | HomePage | image name is ****** 1
2026-01-23 17:39:06 | INFO | HomePage | image name is ****** 1
2026-01-23 17:39:06 | INFO | HomePage | image name is ****** 1
2026-01-23 17:39:06 | INFO | HomePage | image name is ****** 1
2026-01-23 17:39:06 | INFO | HomePage | image name is ****** Vivo-T4R
2026-01-23 17:39:06 | INFO | HomePage | image name is ****** Vivo-T4R
2026-01-23 17:39:06 | INFO | HomePage | image name is ****** 1
2026-01-23 17:39:06 | INFO | HomePage | image name is ****** 1
2026-01-23 17:39:06 | INFO | HomePage | image name is ****** Motorola-G96 5G
2026-01-23 17:39:06 | INFO | HomePage | image name is ****** Motorola-G96 5G
2026-01-23 17:39:06 | INFO | HomePage | image name is ****** i
2026-01-23 17:39:06 | INFO | HomePage | image name is ****** i
2026-01-23 17:39:06 | INFO | HomePage | image name is ****** 1
2026-01-23 17:39:06 | INFO | HomePage | image name is ****** 1
2026-01-23 17:39:06 | INFO | HomePage | image name is ****** 1
2026-01-23 17:39:06 | INFO | HomePage | image name is ****** 1
2026-01-23 17:39:06 | INFO | HomePage | image name is ****** Moto-G57-Power
2026-01-23 17:39:06 | INFO | HomePage | image name is ****** Moto-G57-Power
2026-01-23 17:39:06 | INFO | HomePage | image name is ****** 1
2026-01-23 17:39:06 | INFO | HomePage | image name is ****** 1
2026-01-23 17:39:06 | INFO | HomePage | image name is ****** as
2026-01-23 17:39:06 | INFO | HomePage | image name is ****** as
2026-01-23 17:39:06 | INFO | HomePage | image name is ****** vbn
2026-01-23 17:39:06 | INFO | HomePage | image name is ****** vbn
2026-01-23 17:39:06 | INFO | HomePage | image name is ****** a
2026-01-23 17:39:06 | INFO | HomePage | image name is ****** a
2026-01-23 17:39:06 | INFO | HomePage | image name is ****** q
2026-01-23 17:39:06 | INFO | HomePage | image name is ****** q
2026-01-23 17:39:06 | INFO | HomePage | image name is ****** a
2026-01-23 17:39:06 | INFO | HomePage | image name is ****** a
2026-01-23 17:39:06 | INFO | HomePage | image name is ****** a
2026-01-23 17:39:06 | INFO | HomePage | image name is ****** a
2026-01-23 17:39:06 | INFO | HomePage | image name is ****** a
2026-01-23 17:39:06 | INFO | HomePage | image name is ****** a
2026-01-23 17:39:06 | INFO | HomePage | image name is ****** a
2026-01-23 17:39:06 | INFO | HomePage | image name is ****** a
2026-01-23 17:39:06 | INFO | HomePage | image name is ****** a
2026-01-23 17:39:06 | INFO | HomePage | image name is ****** a
2026-01-23 17:39:06 | INFO | HomePage | image name is ****** motorola-Edge 7
2026-01-23 17:39:06 | INFO | HomePage | image name is ****** motorola-Edge 7
2026-01-23 17:39:06 | INFO | HomePage | image name is ****** a
2026-01-23 17:39:06 | INFO | HomePage | image name is ****** a
2026-01-23 17:39:06 | INFO | HomePage | image name is ****** i
2026-01-23 17:39:06 | INFO | HomePage | image name is ****** i
2026-01-23 17:39:06 | INFO | HomePage | Found 2 select elements
2026-01-23 17:39:06 | INFO | HomePage | Select class: hbnjE2
2026-01-23 17:39:06 | INFO | HomePage |  - Min
2026-01-23 17:39:06 | INFO | HomePage |  - ₹10000
2026-01-23 17:39:06 | INFO | HomePage |  - ₹15000
2026-01-23 17:39:06 | INFO | HomePage |  - ₹20000
2026-01-23 17:39:06 | INFO | HomePage |  - ₹30000
2026-01-23 17:39:06 | INFO | HomePage | Select class: hbnjE2
2026-01-23 17:39:06 | INFO | HomePage |  - ₹10000
2026-01-23 17:39:06 | INFO | HomePage |  - ₹15000
2026-01-23 17:39:06 | INFO | HomePage |  - ₹20000
2026-01-23 17:39:06 | INFO | HomePage |  - ₹30000
2026-01-23 17:39:06 | INFO | HomePage |  - ₹30000+
2026-01-23 17:39:06 | INFO | HomePage | Found 29 Section elements
2026-01-23 17:39:06 | INFO | HomePage | 
--- Section 1 ---
2026-01-23 17:39:06 | INFO | HomePage | Section class: JPBFuF vRd1kF
2026-01-23 17:39:06 | INFO | HomePage | Filters
2026-01-23 17:39:06 | INFO | HomePage |  - Section 1 processed
2026-01-23 17:39:06 | INFO | HomePage | 
--- Section 2 ---
2026-01-23 17:39:06 | INFO | HomePage | Section class: EbGpCV
2026-01-23 17:39:06 | INFO | HomePage | CATEGORIES
Mobiles & Accessories
Mobiles
2026-01-23 17:39:06 | INFO | HomePage |  - Section 2 processed
2026-01-23 17:39:06 | INFO | HomePage | 
--- Section 3 ---
2026-01-23 17:39:06 | INFO | HomePage | Section class: KNnSWQ vRd1kF
2026-01-23 17:39:06 | INFO | HomePage | BRAND
Apple
Google
MOTOROLA
vivo
OPPO
Infinix
137 MORE
2026-01-23 17:39:16 | INFO | HomePage | Clicked section containing 'Apple'
2026-01-23 17:39:16 | INFO | fixtures.page_fixtures | Test PASSED: test_verify_home_page
2026-01-23 17:39:16 | INFO | fixtures.page_fixtures | Page closed successfully
2026-01-23 17:39:16 | INFO | fixtures.context_fixtures | Browser context closed [Worker: main]
2026-01-23 17:39:16 | INFO | fixtures.context_fixtures | --- Context teardown completed [Worker: main] ---
2026-01-23 17:39:16 | INFO | fixtures.browser_fixtures | Closing browser session...
2026-01-23 17:39:35 | INFO | fixtures.browser_fixtures | Browser closed successfully 🧹
2026-01-23 17:39:35 | INFO | fixtures.browser_fixtures | ========== Browser Session Finished ==========
2026-01-23 18:00:32 | INFO | conftest | ========== Initiating Automation Setup ==========
2026-01-23 18:00:32 | INFO | fixtures.auth_fixtures | Auth disabled (--use-auth not provided). Running anonymous session.
2026-01-23 18:00:32 | INFO | fixtures.browser_fixtures | ========== Browser Session Setup ==========
2026-01-23 18:00:32 | INFO | fixtures.browser_fixtures | Browser type       : chromium
2026-01-23 18:00:32 | INFO | fixtures.browser_fixtures | Headless mode      : False
2026-01-23 18:00:32 | INFO | fixtures.browser_fixtures | SlowMo             : 50
2026-01-23 18:00:32 | INFO | fixtures.browser_fixtures | Channel            : chrome
2026-01-23 18:00:32 | INFO | fixtures.browser_fixtures | Using CDP          : False
2026-01-23 18:00:33 | INFO | fixtures.browser_fixtures | Launching new browser instance...
2026-01-23 18:00:33 | INFO | fixtures.browser_fixtures | New browser launched successfully ✅
2026-01-23 18:00:33 | INFO | fixtures.context_fixtures | --- Context setup started [Worker: main] ---
2026-01-23 18:00:33 | INFO | fixtures.context_fixtures | Capture HAR    : False
2026-01-23 18:00:33 | INFO | fixtures.context_fixtures | Capture Trace  : False
2026-01-23 18:00:33 | INFO | fixtures.context_fixtures | Capture Video  : False
2026-01-23 18:00:33 | INFO | fixtures.context_fixtures | Auth Enabled   : False
2026-01-23 18:00:33 | INFO | fixtures.context_fixtures | No storage_state — running anonymous session
2026-01-23 18:00:33 | INFO | fixtures.context_fixtures | Browser context created successfully
2026-01-23 18:00:33 | INFO | fixtures.context_fixtures | Cookie consent injected
2026-01-23 18:00:33 | INFO | fixtures.page_fixtures | Creating new page...
2026-01-23 18:00:35 | INFO | fixtures.page_fixtures | New page created successfully
2026-01-23 18:00:35 | INFO | fixtures.page_fixtures | Navigating to base URL: https://www.flipkart.com/
2026-01-23 18:00:47 | INFO | HomePage | Redirected to url***https://www.flipkart.com/mobile-phones-store?param=4111&fm=neo%2Fmerchandising&iid=M_7d6d2c70-0631-45ae-a592-2c75c10f984e_1_X1NCR146KC29_MC.AH1NTIJZ241Z&cid=AH1NTIJZ241Z
2026-01-23 18:00:48 | INFO | HomePage | Clicked on element with text: Apple
2026-01-23 18:00:48 | INFO | fixtures.page_fixtures | Test PASSED: test_verify_home_page
2026-01-23 18:00:48 | INFO | fixtures.page_fixtures | Page closed successfully
2026-01-23 18:00:48 | INFO | fixtures.context_fixtures | Browser context closed [Worker: main]
2026-01-23 18:00:48 | INFO | fixtures.context_fixtures | --- Context teardown completed [Worker: main] ---
2026-01-23 18:00:48 | INFO | fixtures.browser_fixtures | Closing browser session...
2026-01-23 18:00:48 | INFO | fixtures.browser_fixtures | Browser closed successfully 🧹
2026-01-23 18:00:48 | INFO | fixtures.browser_fixtures | ========== Browser Session Finished ==========
2026-01-23 18:01:28 | INFO | conftest | ========== Initiating Automation Setup ==========
2026-01-23 18:01:28 | INFO | fixtures.auth_fixtures | Auth disabled (--use-auth not provided). Running anonymous session.
2026-01-23 18:01:28 | INFO | fixtures.browser_fixtures | ========== Browser Session Setup ==========
2026-01-23 18:01:28 | INFO | fixtures.browser_fixtures | Browser type       : chromium
2026-01-23 18:01:28 | INFO | fixtures.browser_fixtures | Headless mode      : False
2026-01-23 18:01:28 | INFO | fixtures.browser_fixtures | SlowMo             : 50
2026-01-23 18:01:28 | INFO | fixtures.browser_fixtures | Channel            : chrome
2026-01-23 18:01:28 | INFO | fixtures.browser_fixtures | Using CDP          : False
2026-01-23 18:01:28 | INFO | fixtures.browser_fixtures | Launching new browser instance...
2026-01-23 18:01:28 | INFO | fixtures.browser_fixtures | New browser launched successfully ✅
2026-01-23 18:01:28 | INFO | fixtures.context_fixtures | --- Context setup started [Worker: main] ---
2026-01-23 18:01:28 | INFO | fixtures.context_fixtures | Capture HAR    : False
2026-01-23 18:01:28 | INFO | fixtures.context_fixtures | Capture Trace  : False
2026-01-23 18:01:28 | INFO | fixtures.context_fixtures | Capture Video  : False
2026-01-23 18:01:28 | INFO | fixtures.context_fixtures | Auth Enabled   : False
2026-01-23 18:01:28 | INFO | fixtures.context_fixtures | No storage_state — running anonymous session
2026-01-23 18:01:28 | INFO | fixtures.context_fixtures | Browser context created successfully
2026-01-23 18:01:28 | INFO | fixtures.context_fixtures | Cookie consent injected
2026-01-23 18:01:28 | INFO | fixtures.page_fixtures | Creating new page...
2026-01-23 18:01:30 | INFO | fixtures.page_fixtures | New page created successfully
2026-01-23 18:01:30 | INFO | fixtures.page_fixtures | Navigating to base URL: https://www.flipkart.com/
2026-01-23 18:01:46 | INFO | HomePage | Redirected to url***https://www.flipkart.com/mobile-phones-store?param=4111&fm=neo%2Fmerchandising&iid=M_c1650dfc-e20f-4e84-b2a8-eb85e75764ab_1_X1NCR146KC29_MC.AH1NTIJZ241Z&cid=AH1NTIJZ241Z
2026-01-23 18:01:46 | INFO | HomePage | Clicked on element with text: Apple
2026-01-23 18:01:56 | INFO | fixtures.page_fixtures | Test PASSED: test_verify_home_page
2026-01-23 18:01:56 | INFO | fixtures.page_fixtures | Page closed successfully
2026-01-23 18:01:56 | INFO | fixtures.context_fixtures | Browser context closed [Worker: main]
2026-01-23 18:01:56 | INFO | fixtures.context_fixtures | --- Context teardown completed [Worker: main] ---
2026-01-23 18:01:56 | INFO | fixtures.browser_fixtures | Closing browser session...
2026-01-23 18:02:15 | INFO | fixtures.browser_fixtures | Browser closed successfully 🧹
2026-01-23 18:02:15 | INFO | fixtures.browser_fixtures | ========== Browser Session Finished ==========
2026-01-28 16:53:43 | INFO | conftest | ========== Initiating Automation Setup ==========
2026-01-28 16:53:43 | INFO | fixtures.auth_fixtures | Auth disabled (--use-auth not provided). Running anonymous session.
2026-01-28 16:53:43 | INFO | fixtures.browser_fixtures | ========== Browser Session Setup ==========
2026-01-28 16:53:43 | INFO | fixtures.browser_fixtures | Browser type       : chromium
2026-01-28 16:53:43 | INFO | fixtures.browser_fixtures | Headless mode      : False
2026-01-28 16:53:43 | INFO | fixtures.browser_fixtures | SlowMo             : 50
2026-01-28 16:53:43 | INFO | fixtures.browser_fixtures | Channel            : chrome
2026-01-28 16:53:43 | INFO | fixtures.browser_fixtures | Using CDP          : False
2026-01-28 16:53:44 | INFO | fixtures.browser_fixtures | Launching new browser instance...
2026-01-28 16:53:44 | INFO | fixtures.browser_fixtures | New browser launched successfully ✅
2026-01-28 16:53:44 | INFO | fixtures.context_fixtures | --- Context setup started [Worker: main] ---
2026-01-28 16:53:44 | INFO | fixtures.context_fixtures | Capture HAR    : False
2026-01-28 16:53:44 | INFO | fixtures.context_fixtures | Capture Trace  : False
2026-01-28 16:53:44 | INFO | fixtures.context_fixtures | Capture Video  : False
2026-01-28 16:53:44 | INFO | fixtures.context_fixtures | Auth Enabled   : False
2026-01-28 16:53:44 | INFO | fixtures.context_fixtures | No storage_state — running anonymous session
2026-01-28 16:53:44 | INFO | fixtures.context_fixtures | Browser context created successfully
2026-01-28 16:53:44 | INFO | fixtures.context_fixtures | Cookie consent injected
2026-01-28 16:53:44 | INFO | fixtures.page_fixtures | Creating new page...
2026-01-28 16:53:46 | INFO | fixtures.page_fixtures | New page created successfully
2026-01-28 16:53:46 | INFO | fixtures.page_fixtures | Navigating to base URL: https://www.flipkart.com/
2026-01-28 16:53:47 | ERROR | fixtures.page_fixtures | Test FAILED: test_verify_home_page
2026-01-28 16:53:47 | INFO | fixtures.page_fixtures | Capturing screenshot for failed test...
2026-01-28 16:53:51 | INFO | fixtures.page_fixtures | Failure screenshot attached to Allure report
2026-01-28 16:53:52 | INFO | fixtures.page_fixtures | Page closed successfully
2026-01-28 16:53:52 | INFO | fixtures.context_fixtures | Browser context closed [Worker: main]
2026-01-28 16:53:52 | INFO | fixtures.context_fixtures | --- Context teardown completed [Worker: main] ---
2026-01-28 16:53:52 | INFO | fixtures.browser_fixtures | Closing browser session...
2026-01-28 16:53:52 | INFO | fixtures.browser_fixtures | Browser closed successfully 🧹
2026-01-28 16:53:52 | INFO | fixtures.browser_fixtures | ========== Browser Session Finished ==========
2026-01-28 16:55:38 | INFO | conftest | ========== Initiating Automation Setup ==========
2026-01-28 16:55:38 | INFO | fixtures.auth_fixtures | Auth disabled (--use-auth not provided). Running anonymous session.
2026-01-28 16:55:38 | INFO | fixtures.browser_fixtures | ========== Browser Session Setup ==========
2026-01-28 16:55:38 | INFO | fixtures.browser_fixtures | Browser type       : chromium
2026-01-28 16:55:38 | INFO | fixtures.browser_fixtures | Headless mode      : False
2026-01-28 16:55:38 | INFO | fixtures.browser_fixtures | SlowMo             : 50
2026-01-28 16:55:38 | INFO | fixtures.browser_fixtures | Channel            : chrome
2026-01-28 16:55:38 | INFO | fixtures.browser_fixtures | Using CDP          : False
2026-01-28 16:55:39 | INFO | fixtures.browser_fixtures | Launching new browser instance...
2026-01-28 16:55:39 | INFO | fixtures.browser_fixtures | New browser launched successfully ✅
2026-01-28 16:55:39 | INFO | fixtures.context_fixtures | --- Context setup started [Worker: main] ---
2026-01-28 16:55:39 | INFO | fixtures.context_fixtures | Capture HAR    : False
2026-01-28 16:55:39 | INFO | fixtures.context_fixtures | Capture Trace  : False
2026-01-28 16:55:39 | INFO | fixtures.context_fixtures | Capture Video  : False
2026-01-28 16:55:39 | INFO | fixtures.context_fixtures | Auth Enabled   : False
2026-01-28 16:55:39 | INFO | fixtures.context_fixtures | No storage_state — running anonymous session
2026-01-28 16:55:39 | INFO | fixtures.context_fixtures | Browser context created successfully
2026-01-28 16:55:39 | INFO | fixtures.context_fixtures | Cookie consent injected
2026-01-28 16:55:39 | INFO | fixtures.page_fixtures | Creating new page...
2026-01-28 16:55:41 | INFO | fixtures.page_fixtures | New page created successfully
2026-01-28 16:55:41 | INFO | fixtures.page_fixtures | Navigating to base URL: https://www.flipkart.com/
2026-01-28 16:55:42 | ERROR | fixtures.page_fixtures | Test FAILED: test_verify_home_page
2026-01-28 16:55:42 | INFO | fixtures.page_fixtures | Capturing screenshot for failed test...
2026-01-28 16:55:47 | INFO | fixtures.page_fixtures | Failure screenshot attached to Allure report
2026-01-28 16:55:47 | INFO | fixtures.page_fixtures | Page closed successfully
2026-01-28 16:55:49 | INFO | fixtures.context_fixtures | Browser context closed [Worker: main]
2026-01-28 16:55:49 | INFO | fixtures.context_fixtures | --- Context teardown completed [Worker: main] ---
2026-01-28 16:55:49 | INFO | fixtures.browser_fixtures | Closing browser session...
2026-01-28 16:55:49 | INFO | fixtures.browser_fixtures | Browser closed successfully 🧹
2026-01-28 16:55:49 | INFO | fixtures.browser_fixtures | ========== Browser Session Finished ==========
2026-01-28 17:10:13 | INFO | conftest | ========== Initiating Automation Setup ==========
2026-01-28 17:10:13 | INFO | fixtures.auth_fixtures | Auth disabled (--use-auth not provided). Running anonymous session.
2026-01-28 17:10:13 | INFO | fixtures.browser_fixtures | ========== Browser Session Setup ==========
2026-01-28 17:10:13 | INFO | fixtures.browser_fixtures | Browser type       : chromium
2026-01-28 17:10:13 | INFO | fixtures.browser_fixtures | Headless mode      : False
2026-01-28 17:10:13 | INFO | fixtures.browser_fixtures | SlowMo             : 50
2026-01-28 17:10:13 | INFO | fixtures.browser_fixtures | Channel            : chrome
2026-01-28 17:10:13 | INFO | fixtures.browser_fixtures | Using CDP          : False
2026-01-28 17:10:14 | INFO | fixtures.browser_fixtures | Launching new browser instance...
2026-01-28 17:10:14 | INFO | fixtures.browser_fixtures | New browser launched successfully ✅
2026-01-28 17:10:14 | INFO | fixtures.context_fixtures | --- Context setup started [Worker: main] ---
2026-01-28 17:10:14 | INFO | fixtures.context_fixtures | Capture HAR    : False
2026-01-28 17:10:14 | INFO | fixtures.context_fixtures | Capture Trace  : False
2026-01-28 17:10:14 | INFO | fixtures.context_fixtures | Capture Video  : False
2026-01-28 17:10:14 | INFO | fixtures.context_fixtures | Auth Enabled   : False
2026-01-28 17:10:14 | INFO | fixtures.context_fixtures | No storage_state — running anonymous session
2026-01-28 17:10:14 | INFO | fixtures.context_fixtures | Browser context created successfully
2026-01-28 17:10:14 | INFO | fixtures.context_fixtures | Cookie consent injected
2026-01-28 17:10:14 | INFO | fixtures.page_fixtures | Creating new page...
2026-01-28 17:10:16 | INFO | fixtures.page_fixtures | New page created successfully
2026-01-28 17:10:16 | INFO | fixtures.page_fixtures | Navigating to base URL: https://www.flipkart.com/
2026-01-28 17:10:17 | INFO | HomePage | Click → img[alt='Mobiles & Tablets']
2026-01-28 17:10:21 | INFO | HomePage | Redirected to URL → https://www.flipkart.com/mobile-phones-store?param=4111&fm=neo%2Fmerchandising&iid=M_171a744f-2143-452f-af54-ac1e65358b9d_1_X1NCR146KC29_MC.AH1NTIJZ241Z&cid=AH1NTIJZ241Z
2026-01-28 17:10:21 | INFO | HomePage | Click → Locator object
2026-01-28 17:10:22 | INFO | HomePage | Clicked text → Apple
2026-01-28 17:10:24 | INFO | fixtures.page_fixtures | Test PASSED: test_verify_home_page
2026-01-28 17:10:24 | INFO | fixtures.page_fixtures | Page closed successfully
2026-01-28 17:10:24 | INFO | fixtures.context_fixtures | Browser context closed [Worker: main]
2026-01-28 17:10:24 | INFO | fixtures.context_fixtures | --- Context teardown completed [Worker: main] ---
2026-01-28 17:10:24 | INFO | fixtures.browser_fixtures | Closing browser session...
2026-01-28 17:10:24 | INFO | fixtures.browser_fixtures | Browser closed successfully 🧹
2026-01-28 17:10:24 | INFO | fixtures.browser_fixtures | ========== Browser Session Finished ==========
2026-01-28 17:24:02 | INFO | conftest | ========== Initiating Automation Setup ==========
2026-01-28 17:24:02 | INFO | fixtures.auth_fixtures | Auth disabled (--use-auth not provided). Running anonymous session.
2026-01-28 17:24:02 | INFO | fixtures.browser_fixtures | ========== Browser Session Setup ==========
2026-01-28 17:24:02 | INFO | fixtures.browser_fixtures | Browser type       : chromium
2026-01-28 17:24:02 | INFO | fixtures.browser_fixtures | Headless mode      : False
2026-01-28 17:24:02 | INFO | fixtures.browser_fixtures | SlowMo             : 50
2026-01-28 17:24:02 | INFO | fixtures.browser_fixtures | Channel            : chrome
2026-01-28 17:24:02 | INFO | fixtures.browser_fixtures | Using CDP          : False
2026-01-28 17:24:02 | INFO | fixtures.browser_fixtures | Launching new browser instance...
2026-01-28 17:24:03 | INFO | fixtures.browser_fixtures | New browser launched successfully ✅
2026-01-28 17:24:03 | INFO | fixtures.context_fixtures | --- Context setup started [Worker: main] ---
2026-01-28 17:24:03 | INFO | fixtures.context_fixtures | Capture HAR    : False
2026-01-28 17:24:03 | INFO | fixtures.context_fixtures | Capture Trace  : False
2026-01-28 17:24:03 | INFO | fixtures.context_fixtures | Capture Video  : False
2026-01-28 17:24:03 | INFO | fixtures.context_fixtures | Auth Enabled   : False
2026-01-28 17:24:03 | INFO | fixtures.context_fixtures | No storage_state — running anonymous session
2026-01-28 17:24:03 | INFO | fixtures.context_fixtures | Browser context created successfully
2026-01-28 17:24:03 | INFO | fixtures.context_fixtures | Cookie consent injected
2026-01-28 17:24:03 | INFO | fixtures.page_fixtures | Creating new page...
2026-01-28 17:24:04 | INFO | fixtures.page_fixtures | New page created successfully
2026-01-28 17:24:04 | INFO | fixtures.page_fixtures | Navigating to base URL: https://www.flipkart.com/
2026-01-28 17:24:06 | INFO | HomePage | Click → DB selector: img[alt='Mobiles & Tablets']
2026-01-28 17:24:12 | INFO | HomePage | Redirected to URL → https://www.flipkart.com/mobile-phones-store?param=4111&fm=neo%2Fmerchandising&iid=M_39e0b846-5528-4f99-bc1d-ad6022fa4bf8_1_X1NCR146KC29_MC.AH1NTIJZ241Z&cid=AH1NTIJZ241Z
2026-01-28 17:24:12 | INFO | HomePage | Text 'Appleahahaha' not found in any section
2026-01-28 17:24:14 | INFO | fixtures.page_fixtures | Test PASSED: test_verify_home_page
2026-01-28 17:24:14 | INFO | fixtures.page_fixtures | Page closed successfully
2026-01-28 17:24:14 | INFO | fixtures.context_fixtures | Browser context closed [Worker: main]
2026-01-28 17:24:14 | INFO | fixtures.context_fixtures | --- Context teardown completed [Worker: main] ---
2026-01-28 17:24:14 | INFO | fixtures.browser_fixtures | Closing browser session...
2026-01-28 17:24:14 | INFO | fixtures.browser_fixtures | Browser closed successfully 🧹
2026-01-28 17:24:14 | INFO | fixtures.browser_fixtures | ========== Browser Session Finished ==========
2026-01-28 17:26:08 | INFO | conftest | ========== Initiating Automation Setup ==========
2026-01-28 17:26:08 | INFO | fixtures.auth_fixtures | Auth disabled (--use-auth not provided). Running anonymous session.
2026-01-28 17:26:08 | INFO | fixtures.browser_fixtures | ========== Browser Session Setup ==========
2026-01-28 17:26:08 | INFO | fixtures.browser_fixtures | Browser type       : chromium
2026-01-28 17:26:08 | INFO | fixtures.browser_fixtures | Headless mode      : False
2026-01-28 17:26:08 | INFO | fixtures.browser_fixtures | SlowMo             : 50
2026-01-28 17:26:08 | INFO | fixtures.browser_fixtures | Channel            : chrome
2026-01-28 17:26:08 | INFO | fixtures.browser_fixtures | Using CDP          : False
2026-01-28 17:26:08 | INFO | fixtures.browser_fixtures | Launching new browser instance...
2026-01-28 17:26:09 | INFO | fixtures.browser_fixtures | New browser launched successfully ✅
2026-01-28 17:26:09 | INFO | fixtures.context_fixtures | --- Context setup started [Worker: main] ---
2026-01-28 17:26:09 | INFO | fixtures.context_fixtures | Capture HAR    : False
2026-01-28 17:26:09 | INFO | fixtures.context_fixtures | Capture Trace  : False
2026-01-28 17:26:09 | INFO | fixtures.context_fixtures | Capture Video  : False
2026-01-28 17:26:09 | INFO | fixtures.context_fixtures | Auth Enabled   : False
2026-01-28 17:26:09 | INFO | fixtures.context_fixtures | No storage_state — running anonymous session
2026-01-28 17:26:09 | INFO | fixtures.context_fixtures | Browser context created successfully
2026-01-28 17:26:09 | INFO | fixtures.context_fixtures | Cookie consent injected
2026-01-28 17:26:09 | INFO | fixtures.page_fixtures | Creating new page...
2026-01-28 17:26:10 | INFO | fixtures.page_fixtures | New page created successfully
2026-01-28 17:26:10 | INFO | fixtures.page_fixtures | Navigating to base URL: https://www.flipkart.com/
2026-01-28 17:26:12 | INFO | HomePage | Click → POM selector: img[alt='Mobiles & Tablets1']
2026-01-28 17:26:17 | INFO | HomePage | Retry 1/3 failed → click img[alt='Mobiles & Tablets1']
2026-01-28 17:26:23 | INFO | HomePage | Retry 2/3 failed → click img[alt='Mobiles & Tablets1']
2026-01-28 17:26:29 | INFO | HomePage | Retry 3/3 failed → click img[alt='Mobiles & Tablets1']
2026-01-28 17:26:29 | INFO | HomePage | POM locator failed → trying DB fallback
2026-01-28 17:26:29 | INFO | HomePage | Click → DB selector: img[alt='Mobiles & Tablets']
2026-01-28 17:26:34 | INFO | HomePage | Retry 1/3 failed → click img[alt='Mobiles & Tablets']
2026-01-28 17:26:40 | INFO | HomePage | Retry 2/3 failed → click img[alt='Mobiles & Tablets']
2026-01-28 17:26:46 | INFO | HomePage | Retry 3/3 failed → click img[alt='Mobiles & Tablets']
2026-01-28 17:26:46 | INFO | HomePage | DB locator also failed → invoking healer
2026-01-28 17:26:46 | ERROR | fixtures.page_fixtures | Test FAILED: test_verify_home_page
2026-01-28 17:26:46 | INFO | fixtures.page_fixtures | Capturing screenshot for failed test...
2026-01-28 17:26:47 | INFO | fixtures.page_fixtures | Failure screenshot attached to Allure report
2026-01-28 17:26:47 | INFO | fixtures.page_fixtures | Page closed successfully
2026-01-28 17:26:47 | INFO | fixtures.context_fixtures | Browser context closed [Worker: main]
2026-01-28 17:26:47 | INFO | fixtures.context_fixtures | --- Context teardown completed [Worker: main] ---
2026-01-28 17:26:47 | INFO | fixtures.browser_fixtures | Closing browser session...
2026-01-28 17:26:54 | INFO | fixtures.browser_fixtures | Browser closed successfully 🧹
2026-01-28 17:26:54 | INFO | fixtures.browser_fixtures | ========== Browser Session Finished ==========
2026-01-29 13:15:54 | INFO | conftest | ========== Initiating Automation Setup ==========
2026-01-29 13:15:54 | INFO | fixtures.browser_fixtures | Loading config: config/config.qa.json
2026-01-29 13:15:54 | INFO | fixtures.browser_fixtures | ========== Browser Session Setup ==========
2026-01-29 13:15:54 | INFO | fixtures.browser_fixtures | Browser Type   : chromium
2026-01-29 13:15:54 | INFO | fixtures.browser_fixtures | Headless       : False
2026-01-29 13:15:54 | INFO | fixtures.browser_fixtures | SlowMo         : 50
2026-01-29 13:15:54 | INFO | fixtures.browser_fixtures | Channel        : chrome
2026-01-29 13:15:54 | INFO | fixtures.browser_fixtures | Args           : ['--disable-blink-features=AutomationControlled']
2026-01-29 13:15:54 | INFO | fixtures.browser_fixtures | Using CDP      : False
2026-01-29 13:15:55 | INFO | fixtures.browser_fixtures | Launching new browser instance...
2026-01-29 13:16:02 | INFO | fixtures.browser_fixtures | Browser launched successfully ✅
2026-01-29 13:16:02 | INFO | fixtures.auth_fixtures | Auth disabled (--use-auth not provided). Running anonymous session.
2026-01-29 13:16:02 | INFO | fixtures.context_fixtures | --- Context setup started [Worker: main] ---
2026-01-29 13:16:02 | INFO | fixtures.context_fixtures | Locale          : en-IN
2026-01-29 13:16:02 | INFO | fixtures.context_fixtures | Timezone        : Asia/Kolkata
2026-01-29 13:16:02 | INFO | fixtures.context_fixtures | Permissions     : ['geolocation', 'notifications']
2026-01-29 13:16:02 | INFO | fixtures.context_fixtures | Geolocation     : {'latitude': 12.9716, 'longitude': 77.5946}
2026-01-29 13:16:02 | INFO | fixtures.context_fixtures | Auth Enabled    : False
2026-01-29 13:16:02 | INFO | fixtures.context_fixtures | HAR Capture     : False
2026-01-29 13:16:02 | INFO | fixtures.context_fixtures | Trace Capture   : False
2026-01-29 13:16:02 | INFO | fixtures.context_fixtures | Video Capture   : False
2026-01-29 13:16:02 | INFO | fixtures.context_fixtures | No storage_state — anonymous session
2026-01-29 13:17:46 | INFO | fixtures.browser_fixtures | Closing browser session...
2026-01-29 13:17:57 | INFO | conftest | ========== Initiating Automation Setup ==========
2026-01-29 13:17:57 | INFO | fixtures.browser_fixtures | Loading config: config/config.qa.json
2026-01-29 13:17:57 | INFO | fixtures.auth_fixtures | Auth disabled (--use-auth not provided). Running anonymous session.
2026-01-29 13:17:57 | INFO | fixtures.browser_fixtures | ========== Browser Session Setup ==========
2026-01-29 13:17:57 | INFO | fixtures.browser_fixtures | Browser Type   : chromium
2026-01-29 13:17:57 | INFO | fixtures.browser_fixtures | Headless       : False
2026-01-29 13:17:57 | INFO | fixtures.browser_fixtures | SlowMo         : 50
2026-01-29 13:17:57 | INFO | fixtures.browser_fixtures | Channel        : chrome
2026-01-29 13:17:57 | INFO | fixtures.browser_fixtures | Args           : ['--disable-blink-features=AutomationControlled']
2026-01-29 13:17:57 | INFO | fixtures.browser_fixtures | Using CDP      : False
2026-01-29 13:17:58 | INFO | fixtures.browser_fixtures | Launching new browser instance...
2026-01-29 13:17:58 | INFO | fixtures.browser_fixtures | Browser launched successfully ✅
2026-01-29 13:17:58 | INFO | fixtures.context_fixtures | --- Context setup started [Worker: main] ---
2026-01-29 13:17:58 | INFO | fixtures.context_fixtures | Locale          : en-IN
2026-01-29 13:17:58 | INFO | fixtures.context_fixtures | Timezone        : Asia/Kolkata
2026-01-29 13:17:58 | INFO | fixtures.context_fixtures | Permissions     : ['geolocation', 'notifications']
2026-01-29 13:17:58 | INFO | fixtures.context_fixtures | Geolocation     : {'latitude': 12.9716, 'longitude': 77.5946}
2026-01-29 13:17:58 | INFO | fixtures.context_fixtures | Auth Enabled    : False
2026-01-29 13:17:58 | INFO | fixtures.context_fixtures | HAR Capture     : False
2026-01-29 13:17:58 | INFO | fixtures.context_fixtures | Trace Capture   : False
2026-01-29 13:17:58 | INFO | fixtures.context_fixtures | Video Capture   : False
2026-01-29 13:17:58 | INFO | fixtures.context_fixtures | No storage_state — anonymous session
2026-01-29 13:17:58 | INFO | fixtures.context_fixtures | Browser context created
2026-01-29 13:17:58 | INFO | fixtures.context_fixtures | Cookie consent injected
2026-01-29 13:17:58 | INFO | fixtures.page_fixtures | Creating new page...
2026-01-29 13:18:00 | INFO | fixtures.page_fixtures | New page created successfully
2026-01-29 13:18:00 | INFO | fixtures.page_fixtures | Navigating to base URL: https://www.flipkart.com/
2026-01-29 13:18:01 | INFO | HomePage | Click → POM selector: img[alt='Mobiles & Tablets1']
2026-01-29 13:18:06 | INFO | HomePage | Retry 1/3 failed → click img[alt='Mobiles & Tablets1']
2026-01-29 13:18:12 | INFO | HomePage | Retry 2/3 failed → click img[alt='Mobiles & Tablets1']
2026-01-29 13:18:18 | INFO | HomePage | Retry 3/3 failed → click img[alt='Mobiles & Tablets1']
2026-01-29 13:18:18 | INFO | HomePage | POM locator failed → trying DB fallback
2026-01-29 13:18:18 | INFO | HomePage | Click → DB selector: img[alt='Mobiles & Tablets']
2026-01-29 13:18:20 | INFO | HomePage | Redirected to URL → https://www.flipkart.com/mobile-phones-store?param=4111&fm=neo%2Fmerchandising&iid=M_d292c1d9-4bdc-42a8-a872-dc0a9518e201_1_X1NCR146KC29_MC.AH1NTIJZ241Z&cid=AH1NTIJZ241Z
2026-01-29 13:18:20 | INFO | HomePage | Click → Locator object
2026-01-29 13:18:21 | INFO | HomePage | Clicked text → Apple
2026-01-29 13:18:23 | INFO | fixtures.page_fixtures | Test PASSED: test_verify_home_page
2026-01-29 13:18:23 | INFO | fixtures.page_fixtures | Page closed successfully
2026-01-29 13:18:23 | INFO | fixtures.context_fixtures | Context closed [Worker: main]
2026-01-29 13:18:23 | INFO | fixtures.context_fixtures | --- Context teardown completed [Worker: main] ---
2026-01-29 13:18:23 | INFO | fixtures.browser_fixtures | Closing browser session...
2026-01-29 13:19:06 | INFO | fixtures.browser_fixtures | Browser closed successfully 🧹
2026-01-29 13:19:06 | INFO | fixtures.browser_fixtures | ========== Browser Session Finished ==========
